symbol,date,adjusted,daily_return,growth
AAPL,2023-01-04,124.14411926269531,0.010261469874957652,1.0102614698749577
AMZN,2023-01-04,85.13999938964844,-0.007955122776173124,0.9920448772238268
GOOGL,2023-01-04,87.30583953857422,-0.011738217322194773,0.9882617826778052
MSFT,2023-01-04,222.75836181640625,-0.04472881869620805,0.955271181303792
NVDA,2023-01-04,14.716299057006836,0.02986721226529667,1.0298672122652968
AAPL,2023-01-05,122.8276138305664,-0.01066128407039576,0.9994907853592452
AMZN,2023-01-05,83.12000274658203,-0.02401157339665977,0.9682243188415867
GOOGL,2023-01-05,85.4423599243164,-0.021575355417237797,0.9669396834712586
MSFT,2023-01-05,216.1562957763672,-0.03008586708973789,0.9265310195084291
NVDA,2023-01-05,14.233376502990723,-0.03336599437216614,0.9955046686567744
AAPL,2023-01-06,127.34693908691406,0.03613330693712802,1.035605692687462
AMZN,2023-01-06,86.08000183105469,0.0349917378504728,1.002104170386944
GOOGL,2023-01-06,86.57233428955078,0.013138303382321427,0.9796436303851097
MSFT,2023-01-06,218.70376586914063,0.011716409296837028,0.9373866361592055
NVDA,2023-01-06,14.826055526733398,0.040796476895496876,1.0361177518709899
AAPL,2023-01-09,127.86764526367188,0.004080541874972182,1.0398315250824326
AMZN,2023-01-09,87.36000061035156,0.014760401298199752,1.0168956300844547
GOOGL,2023-01-09,87.24635314941406,0.007755463444741234,0.987241220749435
MSFT,2023-01-09,220.83314514160156,0.009689270130825038,0.9464692284939775
NVDA,2023-01-09,15.593351364135742,0.050458487347700746,1.0883986863445003
AAPL,2023-01-10,128.43748474121094,0.004446578314185092,1.0444552173922703
AMZN,2023-01-10,89.87000274658203,0.028326693248784427,1.0457009206638865
GOOGL,2023-01-10,87.642852783203125,0.004534302857712123,0.9917176714379303
MSFT,2023-01-10,222.51528930664063,0.007588398227431022,0.9536514139097991
NVDA,2023-01-10,15.873730659484863,0.017820954322187416,1.1077949896181745
AAPL,2023-01-11,131.1490936279297,0.020892509444223287,1.0662765078857066
AMZN,2023-01-11,95.089996337890625,0.05645956080731301,1.1047407353803724
GOOGL,2023-01-11,90.715606689453125,0.03445934631008573,1.0258916141198418
MSFT,2023-01-11,229.24374389648438,0.0297900060964856,0.9820606953440941
NVDA,2023-01-11,15.965523719787598,0.0057660467504496785,1.1141825873182267
AAPL,2023-01-12,131.07049560546875,-5.994824798909022e-4,1.0656372938005099
AMZN,2023-01-12,95.2699966430664,0.0018911574433712077,1.1068299740450824
GOOGL,2023-01-12,90.32902526855469,-0.004270571341989844,1.021510470792594
MSFT,2023-01-12,231.90786743164063,0.011554348325706223,0.9934077666950849
NVDA,2023-01-12,16.47439193725586,0.03137554162368286,1.1491406694630126
AAPL,2023-01-13,132.39683532714844,0.010068428002659332,1.076366586170089
AMZN,2023-01-13,98.12000274658203,0.029476316899670684,1.1394552451140898
GOOGL,2023-01-13,91.310333251953125,0.010805119977656156,1.03254801398794
MSFT,2023-01-13,232.6079559326172,0.0030142742005254126,0.9964021700968355
NVDA,2023-01-13,16.861534118652344,0.023227768552220168,1.1758326429672428
AAPL,2023-01-17,133.5561065673828,0.008717922608625101,1.08575026676683
AMZN,2023-01-17,96.05000305175781,-0.021322326395198637,1.115159408465046
GOOGL,2023-01-17,90.48762512207031,-0.009050857924395098,1.023202568613219
MSFT,2023-01-17,233.6969757080078,0.004670856692328767,1.0010562218412833
NVDA,2023-01-17,17.662752151489258,0.04642308395093951,1.230418420463966
AAPL,2023-01-18,132.83892822265625,-0.005384335169294636,1.0799042234204064
AMZN,2023-01-18,95.45999908447266,-0.0061616190001011146,1.1082882210657063
GOOGL,2023-01-18,90.319122314453125,-0.001863900089897204,1.0212954212535976
MSFT,2023-01-18,229.28260803222656,-0.019069961651372452,0.9819661180799022
NVDA,2023-01-18,17.338476181030273,-0.018529935344046088,1.2076188466866455
AAPL,2023-01-19,132.89785766601563,4.43517401087579e-4,1.0803831797350012
AMZN,2023-01-19,93.68000030517578,-0.018822579439957077,1.0874273779823285
GOOGL,2023-01-19,92.23216247558594,0.020959701242083503,1.0427014681629807
MSFT,2023-01-19,225.51002502441406,-0.016590724068463535,0.9656745891702583
NVDA,2023-01-19,16.727827072143555,-0.03585446421352089,1.1643203199645458
AAPL,2023-01-20,135.45228576660156,0.019038598047262774,1.1009521608309993
AMZN,2023-01-20,97.25,0.037400259951453026,1.1280974445971945
GOOGL,2023-01-20,97.158477783203125,0.05203453337144358,1.0969579525045605
MSFT,2023-01-20,233.57054138183594,0.03511952107802681,0.9995886182591381
NVDA,2023-01-20,17.79945182800293,0.06209403620023024,1.2366176680610879
AAPL,2023-01-23,138.63546752929688,0.023228508757151708,1.1265256377400674
AMZN,2023-01-23,97.5199966430664,0.0027724682514327437,1.1312250589468626
GOOGL,2023-01-23,98.91290283203125,0.017896256639729564,1.1165893935455744
MSFT,2023-01-23,235.86524963378906,0.009776529925054614,1.0093611262982924
NVDA,2023-01-23,19.150449752807617,0.07315854049295002,1.3270868118042325
AAPL,2023-01-24,140.03057861328125,0.010012864926567756,1.1378053867870743
AMZN,2023-01-24,96.31999969482422,-0.012381472357830799,1.1172188271490266
GOOGL,2023-01-24,96.8412857055664,-0.021166284959138932,1.0929553442594366
MSFT,2023-01-24,235.3401641845703,-0.0022286911447310597,1.0071115720942758
NVDA,2023-01-24,19.222286224365234,0.003744145610104743,1.3320556180648773
AAPL,2023-01-25,139.372314453125,-0.004711943894729394,1.1324441116414128
AMZN,2023-01-25,97.18000030517578,0.008888953725914,1.1271497336052743
GOOGL,2023-01-25,94.3830795288086,-0.025711593771757503,1.0648537204371666
MSFT,2023-01-25,233.9497528076172,-0.005925613975729105,1.0011438176875553
NVDA,2023-01-25,19.280160903930664,0.003006288039860697,1.336060160937895
AAPL,2023-01-26,141.43548583984375,0.01469480912394362,1.1490851617055173
AMZN,2023-01-26,99.220001220703125,0.020774687057825685,1.1505659165882351
GOOGL,2023-01-26,96.6628646850586,0.023867487888642902,1.090269103712877
MSFT,2023-01-26,241.13519287109375,0.030251381769800086,1.0314298015228966
NVDA,2023-01-26,19.758102416992188,0.024487021392531644,1.3687762946804904
AAPL,2023-01-27,143.37094116210938,0.013591583149667326,1.1647030482268868
AMZN,2023-01-27,102.23999786376953,0.02998335055905419,1.1850637378065998
GOOGL,2023-01-27,98.496612548828125,0.018792854524743104,1.1107583723717753
MSFT,2023-01-27,241.290771484375,6.449844335496012e-4,1.0320950576891783
NVDA,2023-01-27,20.319854736328125,0.028034817702314675,1.4071496885771078
AAPL,2023-01-30,140.49232482910156,-0.020282406073813562,1.1410800680473405
AMZN,2023-01-30,100.55000305175781,-0.016667823165641346,1.1653113049848254
GOOGL,2023-01-30,96.08797454833984,-0.024757983845954235,1.0832582345318365
MSFT,2023-01-30,235.99163818359375,-0.022206353939090352,1.0091759895393464
NVDA,2023-01-30,19.119522094726563,-0.06088856161678657,1.3214703680601385
AAPL,2023-01-31,141.75965881347656,0.008980220333281828,1.151327218476322
AMZN,2023-01-31,103.12999725341797,0.025335155126435763,1.1948346476672054
GOOGL,2023-01-31,97.97126007080078,0.019409997702939757,1.1042842743757901
MSFT,2023-01-31,240.950439453125,0.020794893947565823,1.0301616972162468
NVDA,2023-01-31,19.493682861328125,0.019380544990156994,1.3470811839814874
AAPL,2023-02-01,142.87969970703125,0.007869935347408652,1.1603880892494425
AMZN,2023-02-01,105.1500015258789,0.0193976149644124,1.2180115901087931
GOOGL,2023-02-01,99.54729461669922,0.015958682938915593,1.1219071969849839
MSFT,2023-02-01,245.75369262695313,0.01973851794331426,1.0504955623612648
NVDA,2023-02-01,20.896570205688477,0.06949458325773704,1.4406960294766196
AAPL,2023-02-02,148.17520141601563,0.036392351573234734,1.2026173405548022
AMZN,2023-02-02,112.91000366210938,0.07120315696615197,1.304737860545902
GOOGL,2023-02-02,106.79304504394531,0.07025994907888154,1.2007323395163796
MSFT,2023-02-02,257.275634765625,0.04581823412086572,1.0986274139804637
NVDA,2023-02-02,21.660869598388672,0.035922347917236336,1.4924492134904597
AAPL,2023-02-03,151.79066467285156,0.024106998541972492,1.2316088350301075
AMZN,2023-02-03,103.38999938964844,-0.08808283393109906,1.1898128522518197
GOOGL,2023-02-03,103.85906219482422,-0.02785799423140227,1.167282344928674
MSFT,2023-02-03,251.19873046875,-0.02390363826936595,1.0723662216838659
NVDA,2023-02-03,21.053218841552734,-0.028453925904083414,1.4499831741541946
AAPL,2023-02-06,149.06924438476563,-0.018091440119027802,1.209327257541095
AMZN,2023-02-06,102.18000030517578,-0.011772272805910223,1.175806050767133
GOOGL,2023-02-06,101.99559020996094,-0.018105229748823295,1.1461484298919953
MSFT,2023-02-06,249.6624298095703,-0.006134656064840495,1.0657876237382828
NVDA,2023-02-06,21.042240142822266,-5.216096578713611e-4,1.4492268489268048
AAPL,2023-02-07,151.93797302246094,0.01906143993384513,1.232378776421076
AMZN,2023-02-07,102.11000061035156,-6.852973444615529e-4,1.1750002740029406
GOOGL,2023-02-07,106.69391632080078,0.04503456089340279,1.1977647211508444
MSFT,2023-02-07,260.15374755859375,0.04116306835867009,1.1096587125500463
NVDA,2023-02-07,22.12384605407715,0.0501241809175419,1.521868157692971
AAPL,2023-02-08,149.2559051513672,-0.0178100483481826,1.2104300508297428
AMZN,2023-02-08,100.05000305175781,-0.020380578012770365,1.151053089253597
GOOGL,2023-02-08,98.496612548828125,-0.07994198278795972,1.1020130344285781
MSFT,2023-02-08,259.3468017578125,-0.003106624048181444,1.1062114201083644
NVDA,2023-02-08,22.15576934814453,0.001441895974401933,1.524062533263119
AAPL,2023-02-09,148.2243194580078,-0.0069355186871463735,1.2020350905927295
AMZN,2023-02-09,98.23999786376953,-0.018256648878253772,1.130038717162865
GOOGL,2023-02-09,94.17494201660156,-0.04486801933995577,1.0525678922869535
MSFT,2023-02-09,256.3228454589844,-0.011728403944442595,1.0932373257253778
NVDA,2023-02-09,22.2874813079834,0.005927214751462862,1.5330959791924281
AAPL,2023-02-10,148.58834838867188,0.0024529216750071485,1.2049835885205635
AMZN,2023-02-10,97.61000061035156,-0.006433489213979958,1.1227686252646178
GOOGL,2023-02-10,93.7387924194336,-0.004642027701394586,1.047681842973359
MSFT,2023-02-10,255.81724548339844,-0.0019744603040629033,1.0910787720228132
NVDA,2023-02-10,21.217853546142578,-0.049182168838859695,1.4576949938976091
AAPL,2023-02-13,151.3828582763672,0.01863239318788396,1.2274353165268261
AMZN,2023-02-13,99.54000091552734,0.019579629188155288,1.1447520186113942
GOOGL,2023-02-13,93.77843475341797,4.2281272150440126e-4,1.0481248161846572
MSFT,2023-02-13,263.8097229003906,0.030764791982218417,1.1246455834803095
NVDA,2023-02-13,21.73969078063965,0.024296682397358427,1.4931121461965589
AAPL,2023-02-14,150.7432403564453,-0.004234118657027203,1.222238209752826
AMZN,2023-02-14,99.69999694824219,0.0016060637303953276,1.1465905633087827
GOOGL,2023-02-14,93.84782409667969,7.396549592845418e-4,1.0489000669028976
MSFT,2023-02-14,264.6361389160156,0.0031277250861490354,1.1281631656847875
NVDA,2023-02-14,22.920074462890625,0.052873482588206115,1.5720581852607214
AAPL,2023-02-15,152.83909606933594,0.013807713820807225,1.2391145251739486
AMZN,2023-02-15,101.16000366210938,0.014537811644538115,1.1632594809515706
GOOGL,2023-02-15,96.08797454833984,0.02358959551460721,1.0736431952163814
MSFT,2023-02-15,262.5208740234375,-0.008025222820932343,1.1191094049017987
NVDA,2023-02-15,22.713529586791992,-0.00905237667943862,1.5578273224057466
AAPL,2023-02-16,151.2450714111328,-0.01048419766433374,1.226123403563278
AMZN,2023-02-16,98.1500015258789,-0.03020652173405669,1.1281214581578596
GOOGL,2023-02-16,94.67054748535156,-0.014861230157084548,1.057687536585683
MSFT,2023-02-16,255.53187561035156,-0.026983439326797608,1.0889119841745825
NVDA,2023-02-16,21.953224182128906,-0.034046747676267426,1.5047883686366028
AAPL,2023-02-17,150.1036834716797,-0.007575232212407896,1.2168352340602182
AMZN,2023-02-17,97.19999694824219,-0.009726256199159738,1.1171490598320464
GOOGL,2023-02-17,93.52073669433594,-0.01221974868482689,1.0447628607015325
MSFT,2023-02-17,251.5452117919922,-0.01572441769261971,1.0717894773049221
NVDA,2023-02-17,21.340587615966797,-0.028303234914794462,1.4621979899420308
AAPL,2023-02-21,146.0989227294922,-0.027042333241398733,1.1839291701608865
AMZN,2023-02-21,94.58000183105469,-0.027324623494127318,1.0866233823853175
GOOGL,2023-02-21,90.98322296142578,-0.02750806807295157,1.016023452809263
MSFT,2023-02-21,246.291259765625,-0.021107923575405002,1.0491662269290465
NVDA,2023-02-21,20.609207153320313,-0.03487285625417459,1.4112069696236393
AAPL,2023-02-22,146.52206420898438,0.0028920808370820096,1.187353189026371
AMZN,2023-02-22,95.79000091552734,0.012712248376870527,1.1004368087143148
GOOGL,2023-02-22,90.844451904296875,-0.0015264022286484923,1.0144725923465359
MSFT,2023-02-22,245.16055297851563,-0.004601504167467336,1.0443384841634666
NVDA,2023-02-22,20.707984924316406,0.004781445893050036,1.4179545793927897
AAPL,2023-02-23,147.00416564941406,0.0032848980765640082,1.191253523233206
AMZN,2023-02-23,95.81999969482422,3.131233176392935e-4,1.1007813811387117
GOOGL,2023-02-23,90.09114837646484,-0.008326806656374924,1.0060252752118748
MSFT,2023-02-23,248.3382568359375,0.012878441502777014,1.0577879362408644
NVDA,2023-02-23,23.611534118652344,0.13121595545442655,1.6040128443187942
AAPL,2023-02-24,144.3573455810547,-0.01816913201896777,1.1696094807015216
AMZN,2023-02-24,93.5,-0.024509991975448668,1.0738012383202786
GOOGL,2023-02-24,88.34661102294922,-0.019554078084088298,0.9863533784258153
MSFT,2023-02-24,242.92835998535156,-0.02202517070089336,1.0344899763798137
NVDA,2023-02-24,23.2343692779541,-0.016102709655835958,1.578183891202497
AAPL,2023-02-27,145.54794311523438,0.008213746173634956,1.1792163560982807
AMZN,2023-02-27,93.76000213623047,0.002776912318089041,1.0767830902061493
GOOGL,2023-02-27,89.080108642578125,0.008268222505747479,0.9945087676279357
MSFT,2023-02-27,243.8446502685547,0.003764758300674977,1.0383845811053547
NVDA,2023-02-27,23.448894500732422,0.009190734129676505,1.5926885597542775
AAPL,2023-02-28,145.04612731933594,-0.0034537270080041184,1.175143664720944
AMZN,2023-02-28,94.2300033569336,0.005000289230826088,1.0821673170960426
GOOGL,2023-02-28,89.2684326171875,0.002111865264189821,0.9966090361492215
MSFT,2023-02-28,243.12330627441406,-0.002962595431792961,1.0353082676889278
NVDA,2023-02-28,23.164527893066406,-0.01220121247694618,1.573255828227114
AAPL,2023-03-01,142.97979736328125,-0.014348468175513874,1.1582821532460388
AMZN,2023-03-01,92.16999816894531,-0.022103959704043146,1.0582471343259194
GOOGL,2023-03-01,89.5657958984375,0.0033255776343797195,0.99992333687006
MSFT,2023-03-01,240.0528564453125,-0.0127096135853012,1.0221498996649339
NVDA,2023-03-01,22.647676467895508,-0.022564876010124354,1.5377555055309637
AAPL,2023-03-02,143.57015991210938,0.004120491866257295,1.1630548454373202
AMZN,2023-03-02,92.12999725341797,-4.3408483069996514e-4,1.0577877652977767
GOOGL,2023-03-02,91.191375732421875,0.017986823377475418,1.0179087813213576
MSFT,2023-03-02,244.77064514160156,0.019462495528123114,1.042043487516234
NVDA,2023-03-02,23.262311935424805,0.026777275015186165,1.578932407608683
AAPL,2023-03-03,148.60806274414063,0.034488553881932144,1.2031669251418273
AMZN,2023-03-03,94.9000015258789,0.02962312838587694,1.0891227480742027
GOOGL,2023-03-03,92.8268814086914,0.017775939926759344,1.036003066669047
MSFT,2023-03-03,248.84512329101563,0.01650907831977745,1.0592466650642536
NVDA,2023-03-03,23.837034225463867,0.024405893680880072,1.6174676640780765
AAPL,2023-03-06,151.3631591796875,0.018369588196890867,1.225268606088802
AMZN,2023-03-06,93.75,-0.012192056844170188,1.0758441016194031
GOOGL,2023-03-06,94.29387664794922,0.01567998452862323,1.0522475787260237
MSFT,2023-03-06,250.38523864746094,0.006169978269360055,1.0657821939695922
NVDA,2023-03-06,23.50178337097168,-0.014164124766907002,1.594557650277637
AAPL,2023-03-07,149.16888427734375,-0.014602861444525581,1.2073761784017603
AMZN,2023-03-07,93.55000305175781,-0.002135579508745822,1.0735465510013795
GOOGL,2023-03-07,93.03504180908203,-0.01344003689630009,1.0381053324439036
MSFT,2023-03-07,247.73391723632813,-0.010645430589154733,1.054436483600532
NVDA,2023-03-07,23.24031639099121,-0.011187760435979863,1.5767181212849717
AAPL,2023-03-08,150.4185333251953,0.008342515220124982,1.2174487325464936
AMZN,2023-03-08,93.91999816894531,0.003947251242114423,1.0777841089582874
GOOGL,2023-03-08,93.42161560058594,0.004146533041635754,1.0424098705055804
MSFT,2023-03-08,247.2952423095703,-0.0017723200063111588,1.0525676847252623
NVDA,2023-03-08,24.131484985351563,0.03762887282447431,1.636048246950848
AAPL,2023-03-09,148.17510986328125,-0.015026881703785668,1.1991542744620936
AMZN,2023-03-09,92.25,-0.017941053663252087,1.0584475264220665
GOOGL,2023-03-09,91.5085678100586,-0.02069014370585547,1.0208422604844178
MSFT,2023-03-09,245.95010375976563,-0.005454250689707459,1.0468267167048857
NVDA,2023-03-09,23.388011932373047,-0.03129383828030096,1.5848500176919982
AAPL,2023-03-10,146.1186065673828,-0.013976083455809108,1.182394794245821
AMZN,2023-03-10,90.7300033569336,-0.016614182739941783,1.040862285797451
GOOGL,2023-03-10,89.83342742919922,-0.018475456036444637,1.0019817341806931
MSFT,2023-03-10,242.31427001953125,-0.014893165012627416,1.031236153673373
NVDA,2023-03-10,22.917978286743164,-0.020301899934042966,1.552674551222349
AAPL,2023-03-13,148.05702209472656,0.013178818324378738,1.197977360426878
AMZN,2023-03-13,92.43000030517578,0.01856350439768763,1.0601843374172393
GOOGL,2023-03-13,90.3092041015625,0.005282234133917253,1.007274436298544
MSFT,2023-03-13,247.50970458984375,0.02121427160200577,1.0531130775232076
NVDA,2023-03-13,22.918977737426758,4.360894659859873e-5,1.5527422617239381
AAPL,2023-03-14,150.14305114746094,0.013991029969266575,1.2147382975791132
AMZN,2023-03-14,94.87999725341797,0.026161301723076753,1.0879201397504918
GOOGL,2023-03-14,93.144073486328125,0.030908088424715992,1.0384073636436153
MSFT,2023-03-14,254.20626831054688,0.02669622571874308,1.0812272219481274
NVDA,2023-03-14,24.01372718811035,0.04666034349094629,1.625193749008886
AAPL,2023-03-15,150.53662109375,0.0026178701614557173,1.217918324722323
AMZN,2023-03-15,96.19999694824219,0.013816419647146834,1.1029513009438674
GOOGL,2023-03-15,95.26526641845703,0.022517806834526907,1.0617900200736925
MSFT,2023-03-15,258.73895263671875,0.017673631121530763,1.1003364330273961
NVDA,2023-03-15,24.178390502929688,0.006833646808043981,1.6362997490842532
AAPL,2023-03-16,153.3507843017578,0.018521620887045776,1.240476146204216
AMZN,2023-03-16,100.04000091552734,0.03914078921242492,1.1461216853256813
GOOGL,2023-03-16,99.438262939453125,0.042871700098315986,1.1073107633816768
MSFT,2023-03-16,269.2272644042969,0.03973622346001333,1.144059647411367
NVDA,2023-03-16,25.48870277404785,0.05277604571261321,1.7226571794414614
AAPL,2023-03-17,152.51437377929688,-0.0054691591064455446,1.2336917847928746
AMZN,2023-03-17,98.94999694824219,-0.010955473953869753,1.1335653790541302
GOOGL,2023-03-17,100.72683715820313,0.012875291636631703,1.1215677123925971
MSFT,2023-03-17,272.3757019042969,0.01162649823481115,1.1573610548825137
NVDA,2023-03-17,25.672327041625977,0.007178317431268309,1.7350229595007454
AAPL,2023-03-20,154.8759002685547,0.015365306908154618,1.2526478376962862
AMZN,2023-03-20,97.70999908447266,-0.012610742620752338,1.1192702778150831
GOOGL,2023-03-20,100.33035278320313,-0.003944001098026478,1.1171442481034097
MSFT,2023-03-20,265.357421875,-0.026104691222615672,1.1271485019117249
NVDA,2023-03-20,25.846967697143555,0.006779647327431475,1.746785803271157
AAPL,2023-03-21,156.72576904296875,0.011873431301405687,1.2675210657420273
AMZN,2023-03-21,100.61000061035156,0.029247763784060337,1.1520064305111382
GOOGL,2023-03-21,103.9978256225586,0.035901722287593474,1.1572516506540007
MSFT,2023-03-21,266.8683776855469,0.0056778903654438,1.1335483275311538
NVDA,2023-03-21,26.145355224609375,0.011478263972456692,1.766835871824443
AAPL,2023-03-22,155.2990264892578,-0.009145122552574448,1.2559294302578468
AMZN,2023-03-22,98.69999694824219,-0.019166746850565873,1.1299262148873073
GOOGL,2023-03-22,102.4614486694336,-0.014883374158368297,1.140027841341928
MSFT,2023-03-22,265.41595458984375,-0.005457334031322992,1.1273621756671688
NVDA,2023-03-22,26.41380500793457,0.010215236185337024,1.7848845175558554
AAPL,2023-03-23,156.38134765625,0.006945098935933304,1.2646519844075377
AMZN,2023-03-23,98.70999908447266,1.0133363497333344e-4,1.1300407144179134
GOOGL,2023-03-23,104.67184448242188,0.021343548304801768,1.1643600806424281
MSFT,2023-03-23,270.650390625,0.019529681175976907,1.1493791995278042
NVDA,2023-03-23,27.13532066345215,0.026949434336954785,1.8329861456607741
AAPL,2023-03-24,157.6802215576172,0.008271507463468079,1.2751125627352542
AMZN,2023-03-24,98.12999725341797,-0.005893146925693497,1.123381218455833
GOOGL,2023-03-24,104.51325988769531,-0.0015162133612234112,1.162594662330883
MSFT,2023-03-24,273.4869079589844,0.010425835666762157,1.1613624381808758
NVDA,2023-03-24,26.724166870117188,-0.015267942534919155,1.8050002185215226
AAPL,2023-03-27,155.7417755126953,-0.012369717376356048,1.2593397807111781
AMZN,2023-03-27,98.04000091552734,-9.175342309671865e-4,1.122350477733474
GOOGL,2023-03-27,101.55944061279297,-0.02866970335939145,1.1292634182346446
MSFT,2023-03-27,269.4027099609375,-0.015046429021481149,1.143888080686573
NVDA,2023-03-27,26.47667694091797,-0.009304052221960464,1.7882064022277482
AAPL,2023-03-28,155.1219024658203,-0.003988075239169435,1.2543174389140228
AMZN,2023-03-28,97.23999786376953,-0.0081934405189327,1.1131545658527693
GOOGL,2023-03-28,100.14201354980469,-0.014054934825819945,1.113391694490174
MSFT,2023-03-28,268.28179931640625,-0.004169405102845478,1.1391187478858742
NVDA,2023-03-28,26.355924606323242,-0.004571137567385881,1.7800322647642848
AAPL,2023-03-29,158.19187927246094,0.019597446646392198,1.2788988580007796
AMZN,2023-03-29,100.25,0.03048493870739539,1.1470890145646482
GOOGL,2023-03-29,100.49886322021484,0.003557102146105872,1.1173521424761015
MSFT,2023-03-29,273.4284362792969,0.019002010612054584,1.160764294421592
NVDA,2023-03-29,26.928743362426758,0.021501150165228272,1.818305005787933
AAPL,2023-03-30,159.75636291503906,0.009841200934976278,1.2914847586378768
AMZN,2023-03-30,102,0.017305747097592427,1.1669402469491303
GOOGL,2023-03-30,100.00324249267578,-0.004943805804341904,1.1118281704686341
MSFT,2023-03-30,276.87908935546875,0.012540981690360305,1.175321418184757
NVDA,2023-03-30,27.32693099975586,0.014678456819388438,1.8449949172998692
AAPL,2023-03-31,162.25563049316406,0.01552313464084994,1.3115326504328182
AMZN,2023-03-31,103.29000091552734,0.012567761597929928,1.1816060737718164
GOOGL,2023-03-31,102.81828308105469,0.027760577801303237,1.1426931628966095
MSFT,2023-03-31,281.02178955078125,0.014851298841313443,1.1927764678008153
NVDA,2023-03-31,27.720125198364258,0.01428599140364867,1.8713524988281904
AAPL,2023-04-03,163.50526428222656,0.007672129704431006,1.321594899038535
AMZN,2023-04-03,102.41000366210938,-0.008556175035560798,1.1714960453815428
GOOGL,2023-04-03,103.44274139404297,0.006055048184543849,1.1496122250580971
MSFT,2023-04-03,279.9787902832031,-0.0037183579012043393,1.1883412979973975
NVDA,2023-04-03,27.907739639282227,0.00674536593614786,1.8839754562283113
AAPL,2023-04-04,162.97393798828125,-0.0032548888831878207,1.317293254493577
AMZN,2023-04-04,103.94999694824219,0.014925585099441625,1.1889813093005446
GOOGL,2023-04-04,103.79959106445313,0.003443794700194267,1.1535712535460307
MSFT,2023-04-04,279.9300537109375,-1.7408752482299435e-4,1.1881344226021842
NVDA,2023-04-04,27.396785736083984,-0.01847835917240529,1.8491626810761286
AAPL,2023-04-05,161.13389587402344,-0.01135462763509388,1.3023358801025815
AMZN,2023-04-05,101.0999984741211,-0.027799874012424952,1.1559277786988613
GOOGL,2023-04-05,103.55178833007813,-0.0023901731743655747,1.1508140184810856
MSFT,2023-04-05,277.16168212890625,-0.00993873788412515,1.1763258660048348
NVDA,2023-04-05,26.825960159301758,-0.02105561628435557,1.8102274212160394
AAPL,2023-04-06,162.0194854736328,0.005480937955167029,1.3094739022582116
AMZN,2023-04-06,102.05999755859375,0.009450740780884159,1.1668521524967674
GOOGL,2023-04-06,107.4670639038086,0.03711256043207368,1.1935236732880425
MSFT,2023-04-06,284.23846435546875,0.025212523162087646,1.2059840091476446
NVDA,2023-04-06,26.981643676757813,0.005786689641936429,1.8207026454839397
AAPL,2023-04-10,159.43161010742188,-0.0161015551827926,1.2883893359605743
AMZN,2023-04-10,102.16999816894531,0.001077222967143844,1.168109112434698
GOOGL,2023-04-10,105.50447082519531,-0.018431088824698356,1.1715257324512902
MSFT,2023-04-10,282.08428955078125,-0.007607623671811772,1.1968093366518264
NVDA,2023-04-10,27.522531509399414,0.01984822585307112,1.8568403628027892
AAPL,2023-04-11,158.22137451171875,-0.00761989661741475,1.278571942417575
AMZN,2023-04-11,99.91999816894531,-0.022268227189570028,1.1420973933367953
GOOGL,2023-04-11,104.42404174804688,-0.010293395628214987,1.1594667545985349
MSFT,2023-04-11,275.6899108886719,-0.022929202560612174,1.1693674529453049
NVDA,2023-04-11,27.11336898803711,-0.014978069986573198,1.829028477894835
AAPL,2023-04-12,157.53262329101563,-0.004362588077206501,1.2729940597057332
AMZN,2023-04-12,97.83000183105469,-0.0211385503060785,1.1179551101333043
GOOGL,2023-04-12,103.72029113769531,-0.006762166255373142,1.1516262476363617
MSFT,2023-04-12,276.3331604003906,0.002330517821863569,1.172092684634701
NVDA,2023-04-12,26.440750122070313,-0.0251205415249557,1.7830822920655511
AAPL,2023-04-13,162.90504455566406,0.033534913497797685,1.3156838053811752
AMZN,2023-04-13,102.4000015258789,0.04565543032053191,1.168995831765478
GOOGL,2023-04-13,106.48577117919922,0.026313604647860298,1.1819296854187635
MSFT,2023-04-13,282.5229187011719,0.0221524347873578,1.1980573913958104
NVDA,2023-04-13,26.4088134765625,-0.0012085870618647623,1.7809272818771207
AAPL,2023-04-14,162.5606689453125,-0.0021162028722822857,1.3128995515332123
AMZN,2023-04-14,102.51000213623047,0.0010736481279812137,1.1702509219518709
GOOGL,2023-04-14,107.91311645507813,0.013315053818438487,1.1976671427897245
MSFT,2023-04-14,278.9162902832031,-0.012847973466843977,1.1826647818194007
NVDA,2023-04-14,26.703210830688477,0.011086015759069152,1.8006706697897665
AAPL,2023-04-17,162.58035278320313,1.2107877258928875e-4,1.313058515799445
AMZN,2023-04-17,102.73999786376953,0.0022411286119839928,1.1728736047762576
GOOGL,2023-04-17,105.0385971069336,-0.02699855198400658,1.1653318641755797
MSFT,2023-04-17,281.5091247558594,0.009253159842981166,1.1936081680862403
NVDA,2023-04-17,26.94671058654785,0.009077419740687787,1.8170161132741935
AAPL,2023-04-18,163.80047607421875,0.007476719629388644,1.3228758861790586
AMZN,2023-04-18,102.30000305175781,-0.004291801457498827,1.1678398641298169
GOOGL,2023-04-18,103.58151245117188,-0.013969011449377415,1.1490533300225865
MSFT,2023-04-18,281.0899963378906,-0.001489972094848835,1.191829725223608
NVDA,2023-04-18,27.610353469848633,0.02432959435242799,1.86122337824198
AAPL,2023-04-19,164.94186401367188,0.006943994652664754,1.3320619292588252
AMZN,2023-04-19,104.30000305175781,0.01936168847711433,1.190451215770254
GOOGL,2023-04-19,103.26432800292969,-0.0030668704399129435,1.1455293323308569
MSFT,2023-04-19,281.16796875,2.773545861534382e-4,1.1921602846638129
NVDA,2023-04-19,27.87380599975586,0.009496566673205245,1.8788986101471832
AAPL,2023-04-20,163.97755432128906,-0.005863517940519968,1.3242513602387325
AMZN,2023-04-20,103.80999755859375,-0.0047091095790211925,1.184845250546713
GOOGL,2023-04-20,104.36457824707031,0.010598336838260551,1.1576700380530067
MSFT,2023-04-20,278.8870544433594,-0.0081453672341252,1.1824497013432869
NVDA,2023-04-20,27.048500061035156,-0.0300558416270343,1.8224267310873445
AAPL,2023-04-21,162.37371826171875,-0.009828973295557108,1.3112353289823409
AMZN,2023-04-21,106.95999908447266,0.02989264254702952,1.2202634060948516
GOOGL,2023-04-21,104.48352813720703,0.001139104443493387,1.158988745137452
MSFT,2023-04-21,278.5459289550781,-0.0012239158464737107,1.1810024824161547
NVDA,2023-04-21,27.063472747802734,5.533964619099115e-4,1.8234352555924185
AAPL,2023-04-24,162.67874145507813,0.001876763419391095,1.313696207481988
AMZN,2023-04-24,106.20999908447266,-0.007036666520682404,1.2116768194387701
GOOGL,2023-04-24,105.0385971069336,0.005298440607536278,1.165129578168366
MSFT,2023-04-24,274.6566162109375,-0.014061312121524974,1.1643960378946054
NVDA,2023-04-24,26.986629486083984,-0.0028434104771630493,1.8182504806822384
AAPL,2023-04-25,161.14378356933594,-0.009480312600082239,1.3012419567735163
AMZN,2023-04-25,102.56999969482422,-0.03487276836944828,1.169422294375852
GOOGL,2023-04-25,102.9372329711914,-0.020208460259219962,1.1415841033911087
MSFT,2023-04-25,268.4669494628906,-0.02279383598260047,1.137854985588046
NVDA,2023-04-25,26.187267303466797,-0.030068227274707003,1.7635789119867396
AAPL,2023-04-26,161.13389587402344,-6.136134114335994e-5,1.3011621108218967
AMZN,2023-04-26,104.9800033569336,0.023224398457013323,1.1965814237049517
GOOGL,2023-04-26,102.7984619140625,-0.0013490228640358729,1.1400440803344143
MSFT,2023-04-26,287.913330078125,0.0699316844922747,1.2174271014381508
NVDA,2023-04-26,26.900802612304688,0.026882811194925558,1.8109888709050312
AAPL,2023-04-27,165.70932006835938,0.027999498745895857,1.3375939977120614
AMZN,2023-04-27,109.81999969482422,0.04507277127081395,1.2505146645225098
GOOGL,2023-04-27,106.64434814453125,0.036729058104034935,1.1819168256021781
MSFT,2023-04-27,297.1345520019531,0.03152557563949623,1.2558071916101121
NVDA,2023-04-27,27.17025375366211,0.009966639822961884,1.829038344704734
AAPL,2023-04-28,166.95895385742188,0.007512827430296363,1.3476431105886726
AMZN,2023-04-28,105.44999694824219,-0.040605781087400955,1.199736539808324
GOOGL,2023-04-28,106.39655303955078,-0.0023262689497560887,1.1791673691895854
MSFT,2023-04-28,299.5030822753906,0.007939635650174345,1.265777843158365
NVDA,2023-04-28,27.692184448242188,0.019027460624277872,1.8638402997888979
AAPL,2023-05-01,166.8704376220703,-5.303082333985018e-4,1.3469284443514447
AMZN,2023-05-01,102.05000305175781,-0.03277395882406449,1.1604164238529204
GOOGL,2023-05-01,106.25778198242188,-0.001305132828002748,1.1776283991463465
MSFT,2023-05-01,297.8460693359375,-0.0055479017091119255,1.2587554320989507
NVDA,2023-05-01,28.850799560546875,0.04098748347520388,1.9402344232769146
AAPL,2023-05-02,165.83726501464844,-0.006210712407765871,1.3385630591497384
AMZN,2023-05-02,103.62999725341797,0.01536391753200235,1.1782449660917778
GOOGL,2023-05-02,104.3943099975586,-0.017692875285788445,1.1567927667472475
MSFT,2023-05-02,297.6998291015625,-4.911132381165361e-4,1.2581372406426958
NVDA,2023-05-02,28.152238845825195,-0.024510822839260482,1.8926776810613393
AAPL,2023-05-03,164.76473999023438,-0.006488338067033661,1.3298780094979321
AMZN,2023-05-03,103.6500015258789,1.9301691085338006e-4,1.178472387295361
GOOGL,2023-05-03,104.48352813720703,8.542614752318122e-4,1.1577809702427067
MSFT,2023-05-03,296.71533203125,-0.0033124927992904587,1.2539696700925478
NVDA,2023-05-03,27.745073318481445,-0.014568597776561951,1.8651040212052807
AAPL,2023-05-04,163.13133239746094,-0.009963041595216632,1.3166283795727403
AMZN,2023-05-04,104,0.0033710455381283566,1.1824450713783607
GOOGL,2023-05-04,103.76985931396484,-0.006853877631751749,1.1498456811482922
MSFT,2023-05-04,297.6998291015625,0.0033124927992903347,1.2581234355952577
NVDA,2023-05-04,27.505563735961914,-0.008669984477545667,1.8489335982924229
AAPL,2023-05-05,170.78659057617188,0.045859172146958185,1.3770078670851371
AMZN,2023-05-05,105.66000366210938,0.015835527254169667,1.2011697125327314
GOOGL,2023-05-05,104.6421127319336,0.008370522118440644,1.1594704898551376
MSFT,2023-05-05,302.8075256347656,0.017011680778863957,1.279526229862012
NVDA,2023-05-05,28.621274948120117,0.03976201870922172,1.9224509306198352
AAPL,2023-05-08,170.71771240234375,-4.033810066891906e-4,1.3764524082654934
AMZN,2023-05-08,105.83000183105469,0.0016076240119395433,1.2031007418050137
GOOGL,2023-05-08,106.8227767944336,0.020625091667565387,1.1833846749942367
MSFT,2023-05-08,300.8580017089844,-0.0064589764200581,1.2712618001144873
NVDA,2023-05-08,29.091310501098633,0.01628920078583943,1.9537661198296257
AAPL,2023-05-09,169.01547241210938,-0.010021124291804488,1.3626588076005113
AMZN,2023-05-09,106.62000274658203,0.007437086747609261,1.2120483063879306
GOOGL,2023-05-09,106.40646362304688,-0.0039048462543003993,1.178763739778689
MSFT,2023-05-09,299.24969482421875,-0.0053600736823137,1.264447743196363
NVDA,2023-05-09,28.512496948242188,-0.020097040797245874,1.914501202411133
AAPL,2023-05-10,170.77676391601563,0.01036696598679822,1.3767854451105168
AMZN,2023-05-10,110.19000244140625,0.03293503350092615,1.2519671579635578
GOOGL,2023-05-10,110.76779174804688,0.04016972046131277,1.2261143496955305
MSFT,2023-05-10,304.4256591796875,0.01714859208232469,1.2861312417538533
NVDA,2023-05-10,28.82585334777832,0.010930189571596171,1.9354270634885353
AAPL,2023-05-11,170.96371459960938,0.0010941092085742653,1.3782917987442433
AMZN,2023-05-11,112.18000030517578,0.017898556144584802,1.274375562431545
GOOGL,2023-05-11,115.54544067382813,0.04222783447700324,1.277890503504352
MSFT,2023-05-11,302.2811584472656,-0.007069344207690072,1.2770391373096315
NVDA,2023-05-11,28.519481658935547,-0.010685249420513968,1.9147465425799473
AAPL,2023-05-12,170.0375213623047,-0.005432212069681802,1.3708046253995614
AMZN,2023-05-12,110.26000213623047,-0.017263494264582374,1.2523753872185839
GOOGL,2023-05-12,116.4771728515625,0.008031434280806668,1.2881537971013142
MSFT,2023-05-12,301.1699523925781,-0.0036828412134693586,1.2723360049435342
NVDA,2023-05-12,28.28197479248047,-0.008362752136089086,1.8987339918409176
AAPL,2023-05-15,169.54486083984375,-0.0029015690679397486,1.3668271411003132
AMZN,2023-05-15,111.19999694824219,0.008489121836596263,1.2630069544658369
GOOGL,2023-05-15,115.48596954345703,-0.008546265849628828,1.2771448922960775
MSFT,2023-05-15,301.6475524902344,0.0015845598169221152,1.2743520974505909
NVDA,2023-05-15,28.893712997436523,0.021399359517888406,1.9393656831611572
AAPL,2023-05-16,169.54486083984375,0,1.3668271411003132
AMZN,2023-05-16,113.4000015258789,0.01959105037675755,1.2877505873369723
GOOGL,2023-05-16,118.45958709716797,0.025422818485250673,1.3096135150722858
MSFT,2023-05-16,303.87005615234375,0.007340872043937326,1.283706953136899
NVDA,2023-05-16,29.153181076049805,0.008940006554709912,1.9567036250805971
AAPL,2023-05-17,170.15576171875,0.003596705433571245,1.3717432157054614
AMZN,2023-05-17,115.5,0.018349125212474244,1.3113796841064558
GOOGL,2023-05-17,119.77789306640625,0.011067271399186994,1.3241073632716343
MSFT,2023-05-17,306.74212646484375,0.009407252507853178,1.2957831085911447
NVDA,2023-05-17,30.116207122802734,0.03249943479883415,2.0202953869645466
AAPL,2023-05-18,172.4811248779297,0.013573546528916762,1.3903626360695656
AMZN,2023-05-18,118.1500015258789,0.022684486585828632,1.341127658959497
GOOGL,2023-05-18,121.75041961669922,0.016334071847213742,1.345735428076738
MSFT,2023-05-18,311.1575622558594,0.01429199926750328,1.3143024398299725
NVDA,2023-05-18,31.61313819885254,0.04850933050804483,2.118298563614688
AAPL,2023-05-19,172.58949279785156,6.280912829632109e-4,1.3912359107214387
AMZN,2023-05-19,116.25,-0.01621197208021114,1.3193853347964466
GOOGL,2023-05-19,121.68102264404297,-5.701562122929753e-4,1.3449681486623173
MSFT,2023-05-19,310.9817810058594,-5.65086444319746e-4,1.313559745337488
NVDA,2023-05-19,31.19998550415039,-0.01315516976792939,2.0904319863911756
AAPL,2023-05-22,171.64356994628906,-0.005495841828383957,1.383589898210146
AMZN,2023-05-22,115.01000213623047,-0.01072394478867387,1.3052363193111034
GOOGL,2023-05-22,123.9509048461914,0.018482506256646,1.3698265308849582
MSFT,2023-05-22,313.7561340332031,0.008881712469802861,1.3252264053074831
NVDA,2023-05-22,31.112163543701172,-0.002818776753499577,2.084539525303164
AAPL,2023-05-23,169.0423126220703,-0.015271004811176728,1.3624610902178833
AMZN,2023-05-23,114.98999786376953,-1.7395019575110725e-4,1.305009273197858
GOOGL,2023-05-23,121.48279571533203,-0.0201129048410978,1.342275340220458
MSFT,2023-05-23,307.9729309082031,-0.018604148508680057,1.3005716964555185
NVDA,2023-05-23,30.625164031982422,-0.01577682845435299,2.0516521028061376
AAPL,2023-05-24,169.31820678710938,0.0016307707924308934,1.3646829519696342
AMZN,2023-05-24,116.75,0.015189747065965913,1.3248320339764734
GOOGL,2023-05-24,119.83737182617188,-0.013637064864804696,1.3239706443394437
MSFT,2023-05-24,306.59552001953125,-0.004482537927120536,1.2947418344992172
NVDA,2023-05-24,30.4754695892334,-0.004899940749659051,2.0415991290634743
AAPL,2023-05-25,170.45135498046875,0.006670123060225684,1.3737855551974638
AMZN,2023-05-25,115,-0.01510276818575663,1.3048234028822623
GOOGL,2023-05-25,122.39469146728516,0.02111540993344557,1.3519268272345193
MSFT,2023-05-25,318.3865051269531,0.037736715154261934,1.343601138306021
NVDA,2023-05-25,37.90223693847656,0.21808804822278305,2.486847498374261
AAPL,2023-05-26,172.85552978515625,0.014006209687471221,1.3930270837491783
AMZN,2023-05-26,120.11000061035156,0.04347586628475364,1.3615517306711886
GOOGL,2023-05-26,123.51476287841797,0.009109687628678606,1.3642424583274564
MSFT,2023-05-26,325.1954345703125,0.021160269061653865,1.3720320999041207
NVDA,2023-05-26,38.86625671386719,0.025116305051963782,2.549307918761142
AAPL,2023-05-30,174.6980743408203,0.010603036746004843,1.4077974011063508
AMZN,2023-05-30,121.66000366210938,0.012822304345733589,1.379009961344315
GOOGL,2023-05-30,122.58303833007813,-0.007572022143251798,1.3539123842242367
MSFT,2023-05-30,323.5542297363281,-0.005059604422050237,1.365090160224251
NVDA,2023-05-30,40.02887725830078,0.029474687582293636,2.6244479732176935
AAPL,2023-05-31,174.64883422851563,-2.818980871044382e-4,1.4074005457119483
AMZN,2023-05-31,120.58000183105469,-0.008916850747084985,1.3667135353402642
GOOGL,2023-05-31,121.79007720947266,-0.006489780203230239,1.34512579043619
MSFT,2023-05-31,320.79949951171875,-0.008550418450805014,1.353418068131257
NVDA,2023-05-31,37.756534576416016,-0.058442563027557945,2.4710685071303717
AAPL,2023-06-01,177.44715881347656,0.01589557144006805,1.4297719816311034
AMZN,2023-06-01,122.7699966430664,0.017999210602823053,1.3913133000965825
GOOGL,2023-06-01,122.6325912475586,0.006893938113069258,1.3543990043897505
MSFT,2023-06-01,324.892578125,0.012678282981307437,1.3705770853910397
NVDA,2023-06-01,39.688560485839844,0.04990443512222924,2.5943857851270438
AAPL,2023-06-02,178.29452514648438,0.004763950775586756,1.4365833449719072
AMZN,2023-06-02,124.25,0.011983006127262639,1.4079854158965817
GOOGL,2023-06-02,123.5742416381836,0.007649300151865017,1.3647592088997147
MSFT,2023-06-02,327.64739990234375,0.008443431012272865,1.382149458458541
NVDA,2023-06-02,39.24647521972656,-0.011201360322175093,2.5653251351331066
AAPL,2023-06-05,176.94464111328125,-0.007599896963362457,1.425665459570838
AMZN,2023-06-05,125.30000305175781,0.008415221280893264,1.4198339247316218
GOOGL,2023-06-05,124.90247344970703,0.0106910980563371,1.3793499834253504
MSFT,2023-06-05,328.17498779296875,0.0016089356335997772,1.3843732479732156
NVDA,2023-06-05,39.090797424316406,-0.003974557578886664,2.5551291026749547
AAPL,2023-06-06,176.58006286621094,-0.0020625340872125484,1.4227249759635117
AMZN,2023-06-06,126.61000061035156,0.010400614095251953,1.4346010694621025
GOOGL,2023-06-06,126.19103240966797,0.01026366864600289,1.393507174602098
MSFT,2023-06-06,325.9671630859375,-0.006750315929580767,1.3750282911849365
NVDA,2023-06-06,38.574851989746094,-0.013286518003645442,2.5211803338506256
AAPL,2023-06-07,175.21047973632813,-0.0077863949344855465,1.4116470774175034
AMZN,2023-06-07,121.2300033569336,-0.043421904903774046,1.3723079582490665
GOOGL,2023-06-07,121.42330932617188,-0.03851402449273325,1.3398376051486731
MSFT,2023-06-07,315.9051818847656,-0.03135453832916263,1.3319149139252953
NVDA,2023-06-07,37.40213394165039,-0.030872801238095358,2.4433444345182602
AAPL,2023-06-08,177.9201202392578,0.015346694307153982,1.4333111935842173
AMZN,2023-06-08,124.25,0.02460606952762862,1.4060750632830612
GOOGL,2023-06-08,121.06646728515625,-0.0029431533451617074,1.3358942576191064
MSFT,2023-06-08,317.7417907714844,0.005796963006871907,1.3396359754096214
NVDA,2023-06-08,38.435123443603516,0.027243954489574486,2.5099107990946306
AAPL,2023-06-09,178.3043975830078,0.0021575016518280794,1.4364035648519589
AMZN,2023-06-09,123.43000030517578,-0.006621468748440394,1.396764781193571
GOOGL,2023-06-09,121.15568542480469,7.366637831013763e-4,1.3368783625367477
MSFT,2023-06-09,319.2364196777344,0.004692881560986881,1.3459227283770556
NVDA,2023-06-09,38.69462585449219,0.006729009038124253,2.526800011546624
AAPL,2023-06-12,181.09283447265625,0.015517608898775933,1.4586931135921388
AMZN,2023-06-12,126.56999969482422,0.025121316164936732,1.4318533508699833
GOOGL,2023-06-12,122.55328369140625,0.01146952935560281,1.352211728160733
MSFT,2023-06-12,324.1794128417969,0.015365150070067758,1.3666030330812842
NVDA,2023-06-12,39.405235290527344,0.018197959286969292,2.572782615283063
AAPL,2023-06-13,180.61988830566406,-0.0026150389893772803,1.4548785742265593
AMZN,2023-06-13,126.66000366210938,7.108476079609743e-4,1.4328711803994
GOOGL,2023-06-13,122.74162292480469,0.0015356150113916144,1.3542882047890765
MSFT,2023-06-13,326.5631103515625,0.007326117738681783,1.3766149278036774
NVDA,2023-06-13,40.942237854003906,0.03826355766626021,2.671226431245698
AAPL,2023-06-14,181.25048828125,0.0034852292682756554,1.459949159615241
AMZN,2023-06-14,126.41999816894531,-0.0018966774409432219,1.4301534859557588
GOOGL,2023-06-14,122.58303833007813,-0.001292855076245062,1.3525373064088162
MSFT,2023-06-14,329.5426025390625,0.009082416478108679,1.389117917907972
NVDA,2023-06-14,42.91339874267578,0.04702186163767758,2.7968324708986407
AAPL,2023-06-15,183.28028869628906,0.011136625612588037,1.4762080668192883
AMZN,2023-06-15,127.11000061035156,0.005443175548084132,1.4379380624405205
GOOGL,2023-06-15,123.99053955078125,0.011416604491379483,1.3679786898959214
MSFT,2023-06-15,340.05389404296875,0.03139847685087801,1.4327341046965452
NVDA,2023-06-15,42.570064544677734,-0.00803280613482883,2.774366057868318
AAPL,2023-06-16,182.20623779296875,-0.005877393103640091,1.4675318117078266
AMZN,2023-06-16,125.48999786376953,-0.012826801009232924,1.419493917049994
GOOGL,2023-06-16,122.44425201416016,-0.012549427945982542,1.350811339895433
MSFT,2023-06-16,334.417236328125,-0.01671469301397524,1.4087863939658898
NVDA,2023-06-16,42.60899353027344,9.140506877135126e-4,2.776901969071481
AAPL,2023-06-20,182.294921875,4.8660522156882577e-4,1.468245920350222
AMZN,2023-06-20,125.77999877929688,0.002308282311188502,1.42277050974956
GOOGL,2023-06-20,122.01803588867188,-0.003486971843445469,1.3461010987874107
MSFT,2023-06-20,330.23614501953125,-0.012581434409969708,1.3910618403525503
NVDA,2023-06-20,43.72282028198242,0.025804822322250214,2.8485594309896776
AAPL,2023-06-21,181.26034545898438,-0.005691454926918361,1.459889464872917
AMZN,2023-06-21,124.83000183105469,-0.007581513078945846,1.4119837565215554
GOOGL,2023-06-21,119.49044799804688,-0.020932433853755532,1.3179239265765756
MSFT,2023-06-21,325.8499755859375,-0.013370911661514313,1.3724620753694927
NVDA,2023-06-21,42.96131134033203,-0.01757019463331756,2.7985096873626163
AAPL,2023-06-22,184.2557373046875,0.016390298780101717,1.4838174893881069
AMZN,2023-06-22,130.14999389648438,0.04173475821321792,1.4709125572009736
GOOGL,2023-06-22,122.0676040649414,0.02133858783282918,1.3460465620408169
MSFT,2023-06-22,331.8578186035156,0.018269542115699824,1.3975363290576563
NVDA,2023-06-22,42.94134521484375,-4.6485467734037964e-4,2.7972087870448634
AAPL,2023-06-23,183.9404296875,-0.0017127157886519054,1.481276131746554
AMZN,2023-06-23,129.3300018310547,-0.006320292959406817,1.4616159589217932
GOOGL,2023-06-23,121.26471710205078,-0.006599122325735677,1.3371638361217735
MSFT,2023-06-23,327.27618408203125,-0.013902205906928264,1.3781074912486841
NVDA,2023-06-23,42.12693786621094,-0.019147729366096516,2.7436485902100616
AAPL,2023-06-26,182.55113220214844,-0.007581643261138175,1.470045624544413
AMZN,2023-06-26,127.33000183105469,-0.01558513561942593,1.4388364759784797
GOOGL,2023-06-26,117.29988098144531,-0.033242159605123195,1.2927136224632148
MSFT,2023-06-26,321.0046081542969,-0.01934893541508405,1.35144257840547
NVDA,2023-06-26,40.55299758911133,-0.0380776892612704,2.63917679174992
AAPL,2023-06-27,185.30020141601563,0.014946910032701984,1.4920182642384454
AMZN,2023-06-27,129.17999267578125,0.014424567940817595,1.459591070481958
GOOGL,2023-06-27,117.28996276855469,-8.455790530392302e-5,1.2926043133071414
MSFT,2023-06-27,326.83660888671875,0.01800490036116241,1.3757751673734928
NVDA,2023-06-27,41.794578552246094,0.030156930300067553,2.7187662623082782
AAPL,2023-06-28,186.47271728515625,0.00630772010420209,1.501429497839619
AMZN,2023-06-28,129.0399932861328,-0.0010843421189455317,1.4580083744077976
GOOGL,2023-06-28,119.12370300292969,0.015513291114032017,1.3126568603147286
MSFT,2023-06-28,328.0870056152344,0.003818455221715328,1.3810285032452565
NVDA,2023-06-28,41.037052154541016,-0.018291261722283098,2.669036597042684
AAPL,2023-06-29,186.80772399902344,0.0017949336035824625,1.5041244640987013
AMZN,2023-06-29,127.9000015258789,-0.008873661272556729,1.4450705019607517
GOOGL,2023-06-29,118.0531997680664,-0.00902710585924783,1.3008073678797998
MSFT,2023-06-29,327.30548095703125,-0.002384906890583769,1.3777348788517743
NVDA,2023-06-29,40.74263381958008,-0.0072003115064607215,2.649818702121833
AAPL,2023-06-30,191.1234588623047,0.022839726739065716,1.5384782558402592
AMZN,2023-06-30,130.36000061035156,0.01905113813636069,1.4726007397103862
GOOGL,2023-06-30,118.64791870117188,0.005025072871696341,1.3073440196954351
MSFT,2023-06-30,332.66864013671875,0.016252992560332555,1.4001271935878628
NVDA,2023-06-30,42.21975326538086,0.03561314019765302,2.7441870670588604
AAPL,2023-07-03,189.6356201171875,-0.007815158718147858,1.5264548040864483
AMZN,2023-07-03,130.22000122070313,-0.0010745214685311468,1.4710183986009926
GOOGL,2023-07-03,118.8461685180664,0.001669514094130827,1.3095266489621942
MSFT,2023-07-03,330.1775207519531,-0.007516468406105318,1.3896031817727306
NVDA,2023-07-03,42.33052444458008,0.0026202455054229424,2.751377510887361
AAPL,2023-07-05,188.5221710205078,-0.005888823874463514,1.5174657805928544
AMZN,2023-07-05,130.3800048828125,0.0012279637641415527,1.47282475589086
GOOGL,2023-07-05,120.6799087524414,0.015311702855598264,1.3295777318925905
MSFT,2023-07-05,330.3338928222656,4.734878762738503e-4,1.3902611420321314
NVDA,2023-07-05,42.234718322753906,-0.002265852013917694,2.745143296613269
AAPL,2023-07-06,188.9951629638672,0.0025058038308463488,1.5212682521590422
AMZN,2023-07-06,128.36000061035156,-0.015614479950363446,1.449827363269603
GOOGL,2023-07-06,119.05431365966797,-0.013561851885919476,1.3115461956218466
MSFT,2023-07-06,333.3817443847656,0.009184273552378067,1.4030296806697962
NVDA,2023-07-06,42.02113723754883,-0.005069832624950759,2.7312258795679343
AAPL,2023-07-07,187.8817138671875,-0.005908838693714071,1.512279323447166
AMZN,2023-07-07,129.77999877929688,0.011001878790426247,1.4657781881873386
GOOGL,2023-07-07,118.42986297607422,-0.00525889456374271,1.3046489124635934
MSFT,2023-07-07,329.4253234863281,-0.011938520519563624,1.386279582037563
NVDA,2023-07-07,42.42036056518555,0.009455689739508973,2.7570515040936465
AAPL,2023-07-10,185.84210205078125,-0.010915183778225908,1.4957725167077291
AMZN,2023-07-10,127.12999725341797,-0.020630536429565062,1.4355383978782779
GOOGL,2023-07-10,115.42648315429688,-0.025687093912146273,1.2711362733267615
MSFT,2023-07-10,324.15997314453125,-0.016112554189469386,1.363943077150228
NVDA,2023-07-10,42.097984313964844,-0.00762858797294618,2.736019094148724
AAPL,2023-07-11,185.3199005126953,-0.002813875768751831,1.4915635986674005
AMZN,2023-07-11,128.77999877929688,0.01289534927354112,1.4540501669144978
GOOGL,2023-07-11,116.11042022705078,0.005907819030263449,1.2786459163923796
MSFT,2023-07-11,324.7851257324219,0.0019266738661153462,1.3665709506318422
NVDA,2023-07-11,42.32254409790039,0.005320040464080432,2.7505748264400927
AAPL,2023-07-12,186.98507690429688,0.008945287311688713,1.5049060636011367
AMZN,2023-07-12,130.8000030517578,0.015563949723523061,1.4766809306078355
GOOGL,2023-07-12,117.88468933105469,0.01516530077940714,1.2980369663048306
MSFT,2023-07-12,329.40582275390625,0.014126682355744801,1.3858760643680066
NVDA,2023-07-12,43.81663513183594,0.03469364133002362,2.846002282919997
AAPL,2023-07-13,187.74378967285156,0.004049401436530193,1.5110000323769261
AMZN,2023-07-13,134.3000030517578,0.026406663898050423,1.5156751476270571
GOOGL,2023-07-13,123.44538879394531,0.04609192464335829,1.3578659883400461
MSFT,2023-07-13,334.7396545410156,0.016062584627300727,1.4081368159348684
NVDA,2023-07-13,45.887611389160156,0.04618163345208694,2.977435317153611
AAPL,2023-07-14,187.8916015625,7.869966500837663e-4,1.5121891843406832
AMZN,2023-07-14,134.67999267578125,0.0028254136578632553,1.5199575568900463
GOOGL,2023-07-14,124.3176498413086,0.007041120062668136,1.367426885792962
MSFT,2023-07-14,337.2599792480469,0.007501005647874447,1.4186992581441755
NVDA,2023-07-14,45.38059997558594,-0.011110475850295936,2.944354593966558
AAPL,2023-07-17,191.14315795898438,0.01715745630209182,1.5381345041915042
AMZN,2023-07-17,133.55999755859375,-0.008350743114511814,1.5072647817874967
GOOGL,2023-07-17,123.55441284179688,-0.006158333483813673,1.359005815015516
MSFT,2023-07-17,337.7386474609375,0.0014182793095797747,1.4207113699485177
NVDA,2023-07-17,46.37066650390625,0.021582371491805117,3.007900748617147
AAPL,2023-07-18,190.88699340820313,-0.0013410700085136952,1.536071758138873
AMZN,2023-07-18,132.8300018310547,-0.005480667866621604,1.4990039641314634
GOOGL,2023-07-18,122.6722412109375,-0.007165555726334673,1.3492677831156095
MSFT,2023-07-18,351.1805725097656,0.03902817875519307,1.4761591472544038
NVDA,2023-07-18,47.40165710449219,0.02199011619865603,3.0740448355932624
AAPL,2023-07-19,192.23687744140625,0.007046752874504137,1.5468960762159827
AMZN,2023-07-19,135.36000061035156,0.01886777143765127,1.5272868283108292
GOOGL,2023-07-19,120.95744323730469,-0.014077318172530518,1.330273711232746
MSFT,2023-07-19,346.87255859375,-0.012343096588143624,1.4579387723203712
NVDA,2023-07-19,46.985469818115234,-0.00881878699390804,3.0469354889784426
AAPL,2023-07-20,190.2957763671875,-0.010148768820535633,1.531196985549073
AMZN,2023-07-20,129.9600067138672,-0.04071113790508541,1.4651092436228463
GOOGL,2023-07-20,118.15231323242188,-0.023464192732523155,1.299059912485372
MSFT,2023-07-20,338.8522644042969,-0.023393232012246048,1.4238328723598315
NVDA,2023-07-20,45.431488037109375,-0.033632967367686326,2.9444580071061854
AAPL,2023-07-21,189.1232452392578,-0.0061806856999727005,1.5217331382366486
AMZN,2023-07-21,130,3.07687993656272e-4,1.465560040146504
GOOGL,2023-07-21,118.9651107788086,0.006855681173623545,1.307965853070807
MSFT,2023-07-21,335.8239440917969,-0.008977167452815257,1.4110508862398343
NVDA,2023-07-21,44.22285079956055,-0.026963791831119348,2.865064254347102
AAPL,2023-07-24,189.92135620117188,0.0042111779899098555,1.5281414273349074
AMZN,2023-07-24,128.8000030517578,-0.009273613091557636,1.4519690033717378
GOOGL,2023-07-24,120.46183013916016,0.012502677029108556,1.3243189276968537
MSFT,2023-07-24,337.1329650878906,0.003890360970308515,1.416540383534781
NVDA,2023-07-24,44.5252571105957,0.006814961773521058,2.884589557719159
AAPL,2023-07-25,190.77857971191406,0.0045034153076330226,1.5350232828309955
AMZN,2023-07-25,129.1300048828125,0.002558849307688174,1.4556843732508002
GOOGL,2023-07-25,121.1358642578125,0.005579820363249391,1.3317083894170532
MSFT,2023-07-25,342.8673095703125,0.016866112061607028,1.44043191238327
NVDA,2023-07-25,45.590187072753906,0.0236358939083322,2.9527694104744917
AAPL,2023-07-26,191.6456756591797,0.004534740780644481,1.541984215510888
AMZN,2023-07-26,128.14999389648438,-0.007618281489535843,1.4445945599354573
GOOGL,2023-07-26,128.13380432128906,0.05616230340220102,1.4065002000267501
MSFT,2023-07-26,329.9626159667969,-0.038364156660295134,1.3851709568381099
NVDA,2023-07-26,45.363624572753906,-0.004981934555605264,2.9380589065137146
AAPL,2023-07-27,190.38446044921875,-0.006602724092902336,1.5318029191802591
AMZN,2023-07-27,128.25,7.800788687019062e-4,1.4457214576255049
GOOGL,2023-07-27,128.26266479492188,0.0010051658271785354,1.4079139659637367
MSFT,2023-07-27,323.0755615234375,-0.021093130625375645,1.355953364907047
NVDA,2023-07-27,45.810752868652344,0.009808279321585893,2.9668762089320744
AAPL,2023-07-28,192.95616149902344,0.013417516873176624,1.5523559106947418
AMZN,2023-07-28,132.2100067138672,0.030410134252966122,1.4896860412442903
GOOGL,2023-07-28,131.41468811035156,0.024277651452204202,1.442094810504095
MSFT,2023-07-28,330.54876708984375,0.022867971428881407,1.3869612677146368
NVDA,2023-07-28,46.65910720825195,0.018349290069608844,3.0213162810903906
AAPL,2023-07-31,193.5670623779297,0.003161007410906761,1.5572629192328127
AMZN,2023-07-31,133.67999267578125,0.0110572111941032,1.5061578144152359
GOOGL,2023-07-31,131.55349731445313,0.0010557111064178623,1.4436172460120515
MSFT,2023-07-31,328.1553955078125,-0.007266940913504547,1.3768823021328351
NVDA,2023-07-31,46.63814163208008,-4.4943611489902204e-4,3.019958392439136
AAPL,2023-08-01,192.7393798828125,-0.004285114981669495,1.5505898685672097
AMZN,2023-08-01,131.69000244140625,-0.014998135236778893,1.483568255826705
GOOGL,2023-08-01,130.39376831054688,-0.008854733250483485,1.4308344003828173
MSFT,2023-08-01,328.5657043457031,0.0012495681694126904,1.378602810430608
NVDA,2023-08-01,46.41657257080078,-0.004762133372911793,3.005576947793697
AAPL,2023-08-02,189.7538299560547,-0.015611312747580751,1.526383125185777
AMZN,2023-08-02,128.2100067138672,-0.026781097330387048,1.4438366699711374
GOOGL,2023-08-02,127.25164031982422,-0.024392313444451582,1.3959330392015756
MSFT,2023-08-02,319.9300231933594,-0.02663453679401004,1.3418843631518684
NVDA,2023-08-02,44.18292999267578,-0.0493180477084628,2.8573477604909514
AAPL,2023-08-03,188.3645477294922,-0.007348431392128072,1.5151666035122473
AMZN,2023-08-03,128.91000366210938,0.005444917932495522,1.451698242147058
GOOGL,2023-08-03,127.32099914550781,5.449040206790213e-4,1.3966936887272354
MSFT,2023-08-03,319.10943603515625,-0.002568190734938441,1.338438148163063
NVDA,2023-08-03,44.428443908691406,0.0055413776686387695,2.873181403562471
AAPL,2023-08-04,179.31924438476563,-0.04921146340432584,1.4406030376520476
AMZN,2023-08-04,139.57000732421875,0.07945180513430172,1.5670382879959341
GOOGL,2023-08-04,126.9840087890625,-0.0026502864134251695,1.392992050420285
MSFT,2023-08-04,320.20361328125,0.003422981325403068,1.343019596949432
NVDA,2023-08-04,44.59313201904297,0.0036999636664083457,2.8838120703626524
AAPL,2023-08-07,176.225341796875,-0.01740417829099754,1.415530525538199
AMZN,2023-08-07,142.22000122070313,0.018808843040995626,1.5965124651940803
GOOGL,2023-08-07,130.3739471435547,0.026345674203723402,1.4296913651490344
MSFT,2023-08-07,322.4796447753906,0.0070829323182645156,1.352532113856728
NVDA,2023-08-07,45.328697204589844,0.01636046772861789,2.9309925846752196
AAPL,2023-08-08,177.1614227294922,0.005297782576815401,1.4230296984933455
AMZN,2023-08-08,139.94000244140625,-0.016161386274731373,1.570710610551655
GOOGL,2023-08-08,130.24508666992188,-9.888800694880888e-4,1.4282775718525194
MSFT,2023-08-08,318.5135498046875,-0.012375000603136527,1.3357945281319894
NVDA,2023-08-08,44.57716369628906,-0.0167186211427453,2.881990430079839
AAPL,2023-08-09,175.5749969482422,-0.00899502511945801,1.4102295106096632
AMZN,2023-08-09,137.85000610351563,-0.01504759501753799,1.5470751933943239
GOOGL,2023-08-09,128.52040100097656,-0.013330303230777319,1.4092381987220068
MSFT,2023-08-09,314.78179931640625,-0.011785318450302012,1.3200517642337828
NVDA,2023-08-09,42.47126388549805,-0.048393999778322705,2.742519385845427
AAPL,2023-08-10,175.35826110839844,-0.0012351970776457266,1.4084875992393482
AMZN,2023-08-10,138.55999755859375,0.005137245447970533,1.5550228983892571
GOOGL,2023-08-10,128.5500946044922,2.3101525966827624e-4,1.4095637542504191
MSFT,2023-08-10,315.46563720703125,0.0021700624845260486,1.322916359044979
NVDA,2023-08-10,42.30558395385742,-0.003908617666061695,2.731799926124395
AAPL,2023-08-11,175.41744995117188,3.3747401241886134e-4,1.4089629272009059
AMZN,2023-08-11,138.41000366210938,-0.0010831058272496987,1.553338644026505
GOOGL,2023-08-11,128.42127990722656,-0.0010025607583724143,1.4081505809439836
MSFT,2023-08-11,313.590087890625,-0.005963080214325665,1.3150277026791501
NVDA,2023-08-11,40.77556610107422,-0.03683605376122027,2.6311711971807794
AAPL,2023-08-14,177.06520080566406,0.009349469279025484,1.4221359828040565
AMZN,2023-08-14,140.57000732421875,0.015485316080358403,1.5773925839090905
GOOGL,2023-08-14,130.1757354736328,0.013569240028244244,1.427258114172724
MSFT,2023-08-14,316.54998779296875,0.009394487942311628,1.3273817145757751
NVDA,2023-08-14,43.66792297363281,0.06853077256362168,2.8114873920707275
AAPL,2023-08-15,175.08197021484375,-0.011263765391796007,1.4061173767385204
AMZN,2023-08-15,137.6699981689453,-0.020846133672850414,1.5445100472503588
GOOGL,2023-08-15,128.63931274414063,-0.01187288597451855,1.410312441326945
MSFT,2023-08-15,314.4203796386719,-0.006750289239440012,1.3184215040712448
NVDA,2023-08-15,43.85457229614258,0.004265180166333922,2.823478892333285
AAPL,2023-08-16,174.21376037597656,-0.004971212361515397,1.3991272686535363
AMZN,2023-08-16,135.07000732421875,-0.019066286976507706,1.515061975451384
GOOGL,2023-08-16,127.5688247680664,-0.00835644188213738,1.3985272473753412
MSFT,2023-08-16,313.6568298339844,-0.0024313895467793223,1.3152159078079968
NVDA,2023-08-16,43.40144348144531,-0.010386284179657887,2.794153438182246
AAPL,2023-08-17,171.6780548095703,-0.014662104632227323,1.3786131182467356
AMZN,2023-08-17,133.97999572753906,-0.008102713606702033,1.5027858621678973
GOOGL,2023-08-17,128.77810668945313,0.009434799042796116,1.4117220709102023
MSFT,2023-08-17,310.2109069824219,-0.011047078387223646,1.3006866145783185
NVDA,2023-08-17,43.25971603393555,-0.0032708441626513704,2.7850141977194154
AAPL,2023-08-18,172.1614990234375,0.002812035596540603,1.3824898274091033
AMZN,2023-08-18,133.22000122070313,-0.005688597043229265,1.4942371189557624
GOOGL,2023-08-18,126.33971405029297,-0.01911639796972789,1.3847350299800345
MSFT,2023-08-18,309.8193359375,-0.0012630709596858879,1.2990437550877925
NVDA,2023-08-18,43.214805603027344,-0.0010386975052498804,2.782121410420159
AAPL,2023-08-21,173.4934844970703,0.0077070612623838875,1.3931447612035681
AMZN,2023-08-21,134.67999267578125,0.010899633762398327,1.5105237563065614
GOOGL,2023-08-21,127.2417221069336,0.007114178976516836,1.3945862828183648
MSFT,2023-08-21,315.10565185546875,0.01691864501221102,1.3210218152354523
NVDA,2023-08-21,46.87568283081055,0.08131589241527351,3.0083520957161136
AAPL,2023-08-22,174.8649444580078,0.007873884669297013,1.4041142223809202
AMZN,2023-08-22,134.25,-0.003197806521519639,1.505693393587734
GOOGL,2023-08-22,127.94548797607422,0.0055156969123027555,1.4022783980724458
MSFT,2023-08-22,315.6734313964844,0.0018002489601630734,1.3233999833846828
NVDA,2023-08-22,45.57920455932617,-0.02804747910511472,2.9239754031706875
AAPL,2023-08-23,178.70301818847656,0.021711381697581328,1.434599482210035
AMZN,2023-08-23,135.52000427246094,0.009415529041193322,1.519870293462192
GOOGL,2023-08-23,131.20652770996094,0.025168331137098106,1.4375714051415325
MSFT,2023-08-23,320.117919921875,0.013981193403618688,1.3419026945027297
NVDA,2023-08-23,47.024391174316406,0.031214856115303898,3.015246874665348
AAPL,2023-08-24,174.02627563476563,-0.02651901450867866,1.3965553177271641
AMZN,2023-08-24,131.83999633789063,-0.027530224045928062,1.4780279237624274
GOOGL,2023-08-24,128.63931274414063,-0.019760166216848524,1.4091647552273474
MSFT,2023-08-24,313.23583984375,-0.021733038926201275,1.3127390710079276
NVDA,2023-08-24,47.07130432128906,9.971370233811101e-4,3.018253488958711
AAPL,2023-08-25,176.22653198242188,0.012563983745134056,1.414101616038269
AMZN,2023-08-25,133.25999450683594,0.010713027528748599,1.4938620775979534
GOOGL,2023-08-25,128.7384490966797,7.703568228483681e-4,1.4102503149110541
MSFT,2023-08-25,316.18255615234375,0.009363367375901096,1.3250307291984738
NVDA,2023-08-25,45.92852783203125,-0.024577119878253013,2.944073511137617
AAPL,2023-08-28,177.7854461669922,0.008807183696613466,1.426555868736396
AMZN,2023-08-28,133.13999938964844,-9.008643247144191e-4,1.4925163105462016
GOOGL,2023-08-28,129.8585205078125,0.008662734271741766,1.4224669386457687
MSFT,2023-08-28,316.8873596191406,0.002226622180048526,1.327981072009353
NVDA,2023-08-28,46.743934631347656,0.017598061414650933,2.9958834975958637
AAPL,2023-08-29,181.66297912597656,0.02157574274928919,1.457334871177741
AMZN,2023-08-29,134.91000366210938,0.013206715007284348,1.5122275481033087
GOOGL,2023-08-29,133.38723754882813,0.026810904319345553,1.460604563635233
MSFT,2023-08-29,321.4981994628906,0.014445564935503682,1.3471645088181838
NVDA,2023-08-29,48.68914794921875,0.040771663727162566,3.1180306521255976
AAPL,2023-08-30,185.14585876464844,0.0189907327888655,1.485010728300173
AMZN,2023-08-30,135.07000732421875,0.00118530020246871,1.5140199917222543
GOOGL,2023-08-30,134.6857147216797,0.009687566887282142,1.4747542680413188
MSFT,2023-08-30,321.8702087402344,0.0011564426044540798,1.3487224272513898
NVDA,2023-08-30,49.168216705322266,0.009791242285870153,3.148560045695329
AAPL,2023-08-31,185.3629608154297,0.0011719131321855773,1.4867510318741046
AMZN,2023-08-31,138.00999450683594,0.021532889699268778,1.5466212172064975
GOOGL,2023-08-31,134.97314453125,0.002131804007632317,1.4778981551002024
MSFT,2023-08-31,320.8619689941406,-0.0031373583213392146,1.3444910017210758
NVDA,2023-08-31,49.259037017822266,0.0018454307082542355,3.1543704950904377
AAPL,2023-09-01,186.93173217773438,0.008427628311518278,1.4992808169625058
AMZN,2023-09-01,138.1199951171875,7.967306725371615e-4,1.5478534577690426
GOOGL,2023-09-01,134.4676513671875,-0.003752169417680151,1.4723528308401894
MSFT,2023-09-01,321.7430114746094,0.002742098363072497,1.348177728296061
NVDA,2023-09-01,48.4146842956543,-0.01728968128694107,3.0998324345693935
AAPL,2023-09-05,187.16851806640625,0.0012658955461161878,1.5011787498710762
AMZN,2023-09-05,137.27000427246094,-0.006173016781758742,1.538298532398531
GOOGL,2023-09-05,134.57667541503906,8.104542111932014e-4,1.4735461053923062
MSFT,2023-09-05,326.530029296875,0.014768791949666491,1.3680886846764395
NVDA,2023-09-05,48.453609466552734,8.036721094541177e-4,3.1023236834410386
AAPL,2023-09-06,180.46914672851563,-0.03644954626832276,1.4464614655706276
AMZN,2023-09-06,135.36000061035156,-0.014011920021062172,1.5167440163940455
GOOGL,2023-09-06,133.27818298339844,-0.00969556879685863,1.459259237752132
MSFT,2023-09-06,325.8741149902344,-0.002010761376614559,1.3653377847895085
NVDA,2023-09-06,46.97336196899414,-0.03102615993553475,3.0060704926667996
AAPL,2023-09-07,175.1905517578125,-0.029685582185243517,1.403522414856643
AMZN,2023-09-07,137.85000610351563,0.018228281379293984,1.5443916531052366
GOOGL,2023-09-07,134.07115173339844,0.005932096866479939,1.4679157049037834
MSFT,2023-09-07,322.9666748046875,-0.008962012534203471,1.3531016104488034
NVDA,2023-09-07,46.1548957824707,-0.017577634970454073,2.9532308828512495
AAPL,2023-09-08,175.80224609375,0.0034855128593002703,1.408414410281942
AMZN,2023-09-08,138.22999572753906,0.0027527518216119884,1.5486429800416044
GOOGL,2023-09-08,135.18133544921875,0.008246460553448052,1.4800208138600592
MSFT,2023-09-08,327.2348937988281,0.013129098761453874,1.370866615126668
NVDA,2023-09-08,45.48712921142578,-0.014573627983331885,2.910191594615689
AAPL,2023-09-11,176.9665069580078,0.0066007268579242355,1.4177109691069776
AMZN,2023-09-11,143.10000610351563,0.03462479564658769,1.6022644267550676
GOOGL,2023-09-11,135.71656799316406,0.003951549521821169,1.4858691893993534
MSFT,2023-09-11,330.82769775390625,0.010919446569124613,1.3858357198839404
NVDA,2023-09-11,45.093875885009766,-0.008682963867199434,2.8849225061530133
AAPL,2023-09-12,173.9473419189453,-0.01720786768005543,1.3933151863420215
AMZN,2023-09-12,141.22999572753906,-0.013153992385327589,1.5811882526862502
GOOGL,2023-09-12,134.1504669189453,-0.011606594750455125,1.468623307865808
MSFT,2023-09-12,324.78753662109375,-0.018426454171859542,1.3602996815017732
NVDA,2023-09-12,44.78644561767578,-0.006840907133402594,2.8651870192013575
AAPL,2023-09-13,171.88526916503906,-0.011925406256966932,1.3766993367008913
AMZN,2023-09-13,144.85000610351563,0.02530902952298205,1.621206592854879
GOOGL,2023-09-13,135.5084228515625,0.010071742214815379,1.4834149032333017
MSFT,2023-09-13,328.98724365234375,0.012847741841217352,1.377776460636398
NVDA,2023-09-13,45.400306701660156,0.0136133201020457,2.9041917272459714
AAPL,2023-09-14,173.3948211669922,0.008743982999448596,1.3887371722963562
AMZN,2023-09-14,144.72000122070313,-8.979168301894522e-4,1.6197508841699404
GOOGL,2023-09-14,136.88619995117188,0.010116123696505393,1.4984213118876495
MSFT,2023-09-14,331.5716552734375,0.007824964018369334,1.3885575118662343
NVDA,2023-09-14,45.496124267578125,0.0021082808287951906,2.9103145789876694
AAPL,2023-09-15,172.67454528808594,-0.00416261587279238,1.3829563928998185
AMZN,2023-09-15,140.38999938964844,-0.03037658988565322,1.570548375844586
GOOGL,2023-09-15,136.19235229492188,-0.005081681762797036,1.4908068116340436
MSFT,2023-09-15,323.2701110839844,-0.025355709958508152,1.3533496503346463
NVDA,2023-09-15,43.81825256347656,-0.037576685626353086,2.8009546029792576
AAPL,2023-09-18,175.59506225585938,0.016771979901813405,1.4061513097266185
AMZN,2023-09-18,139.97999572753906,-0.0029247348968620985,1.5659549382025433
GOOGL,2023-09-18,136.99526977539063,0.005878156457441733,1.4995700073206484
MSFT,2023-09-18,322.1345520019531,-0.003518909356426303,1.3485873355875675
NVDA,2023-09-18,43.88412857055664,0.001502262962927929,2.8051623733401563
AAPL,2023-09-19,176.6803741455078,0.006161742837231819,1.4148156524873905
AMZN,2023-09-19,137.6300048828125,-0.016930564270193287,1.5394424374770788
GOOGL,2023-09-19,136.8267059326172,-0.0012311931036983262,1.4977237470691223
MSFT,2023-09-19,321.7331848144531,-0.001246738162323528,1.3469060002910642
NVDA,2023-09-19,43.438961029052734,-0.010195960772454828,2.7765610478212133
AAPL,2023-09-20,173.14816284179688,-0.020194643790853176,1.3862439543556841
AMZN,2023-09-20,135.2899932861328,-0.01714838747973992,1.5130434820564664
GOOGL,2023-09-20,132.5645294189453,-0.031645663585600094,1.4503272852252085
MSFT,2023-09-20,314.01904296875,-0.02426895299497922,1.314218001881345
NVDA,2023-09-20,42.160343170166016,-0.029876714050774546,2.69360652735094
AAPL,2023-09-21,171.60899353027344,-0.008929065049577245,1.373866091912659
AMZN,2023-09-21,129.3300018310547,-0.04505328140436448,1.444875908282337
GOOGL,2023-09-21,129.29351806640625,-0.024984387798208777,1.4140917458968185
MSFT,2023-09-21,312.80511474609375,-0.0038732704390865586,1.3091276801441425
NVDA,2023-09-21,40.940616607666016,-0.029357402537852652,2.614529236248911
AAPL,2023-09-22,172.45750427246094,0.0049322585474684925,1.3806423546875723
AMZN,2023-09-22,129.1199951171875,-0.0016251248796010811,1.4425278044958512
GOOGL,2023-09-22,129.1051788330078,-0.0014577416141045953,1.412030365512663
MSFT,2023-09-22,310.3381652832031,-0.00791780134687732,1.2987622672350627
NVDA,2023-09-22,41.53252029418945,0.014354100540378476,2.652058451771787
AAPL,2023-09-25,173.7303009033203,0.007353247843287365,1.39079456010453
AMZN,2023-09-25,131.27000427246094,0.01651413665688319,1.4663499057906495
GOOGL,2023-09-25,129.95762634277344,0.00658103416899924,1.421322985595766
MSFT,2023-09-25,310.8570861816406,0.0016707179197492502,1.3009321326284267
NVDA,2023-09-25,42.14338302612305,0.014600943880294577,2.6907810083933676
AAPL,2023-09-26,169.66526794433594,-0.023676618015926493,1.3578652485663065
AMZN,2023-09-26,125.9800033569336,-0.04113311252209692,1.4060343701189963
GOOGL,2023-09-26,127.4399642944336,-0.019563060686257083,1.393517557773784
MSFT,2023-09-26,305.5706481933594,-0.017152270408505598,1.27861819290647
NVDA,2023-09-26,41.832950592041016,-0.0073933651249841895,2.670887081926942
AAPL,2023-09-27,168.1556854248047,-0.008937234665380461,1.3457296881959044
AMZN,2023-09-27,125.9800033569336,0,1.4060343701189963
GOOGL,2023-09-27,129.39263916015625,0.015206110634291125,1.4147075399281193
MSFT,2023-09-27,306.20697021484375,0.0020802403742993217,1.2812780260946675
NVDA,2023-09-27,42.388919830322266,0.013202682662461673,2.706149956496892
AAPL,2023-09-28,168.41220092773438,0.0015243020085923852,1.3477809866626438
AMZN,2023-09-28,125.9800033569336,0,1.4060343701189963
GOOGL,2023-09-28,131.14710998535156,0.01346817406102778,1.4337610673213197
MSFT,2023-09-28,307.03912353515625,0.0027139311266940074,1.2847553264116347
NVDA,2023-09-28,43.00876235961914,0.014516867409091878,2.7454347766044767
AAPL,2023-09-29,168.92527770996094,0.0030419221720391055,1.3518808315290256
AMZN,2023-09-29,127.12000274658203,0.009008352994332738,1.4187004240471925
GOOGL,2023-09-29,129.7098388671875,-0.011019723024113045,1.4179614174766821
MSFT,2023-09-29,309.10467529296875,0.006704796833752651,1.2933693498563061
NVDA,2023-09-29,43.418006896972656,0.009470389777899418,2.7714351140487214
AAPL,2023-10-02,171.43138122558594,0.014726603648368277,1.37178944471478
AMZN,2023-10-02,129.4600067138672,0.018240461143240686,1.4445781740059247
GOOGL,2023-10-02,132.99072265625,0.024979424227058022,1.4533812772614327
MSFT,2023-10-02,315.02734375,0.018979466087150804,1.3179168095700642
NVDA,2023-10-02,44.698604583740234,0.029068023249171814,2.8519952543774605
AAPL,2023-10-03,170.09938049316406,-0.007800219689353035,1.361089185678469
AMZN,2023-10-03,124.72000122070313,-0.0373007704408456,1.3906942951534738
GOOGL,2023-10-03,131.2660369873047,-0.013053290747009573,1.434409868883079
MSFT,2023-10-03,306.79437255859375,-0.02648171366639172,1.2830161139829053
NVDA,2023-10-03,43.43596267700195,-0.02865455267613572,2.7702726061288128
AAPL,2023-10-04,171.3426055908203,0.007282236177388878,1.3710009585870693
AMZN,2023-10-04,127,0.018115851921521226,1.4158879070725785
GOOGL,2023-10-04,134.05133056640625,0.020996709951558133,1.4645277568516697
MSFT,2023-10-04,312.24713134765625,0.017617234978943595,1.3056193103447131
NVDA,2023-10-04,43.95899200439453,0.011969468346063853,2.803431296397839
AAPL,2023-10-05,172.5758819580078,0.007171941597458738,1.3808336973921158
AMZN,2023-10-05,125.95999908447266,-0.008222697494164894,1.4042454891270744
GOOGL,2023-10-05,133.8828582763672,-0.0012575648741917863,1.4626860181873742
MSFT,2023-10-05,312.638671875,0.001253158822185941,1.307255458701888
NVDA,2023-10-05,44.60477828979492,0.014583790393607169,2.844315950807384
AAPL,2023-10-06,175.12147521972656,0.014642842075107399,1.4010530271550152
AMZN,2023-10-06,127.95999908447266,0.015753318962097584,1.4263670162183797
GOOGL,2023-10-06,136.3707733154297,0.018412224913979477,1.4896173221327733
MSFT,2023-10-06,320.3724365234375,0.02443606241616646,1.3391996346846016
NVDA,2023-10-06,45.67679214477539,0.02374934855068881,2.911866601711392
AAPL,2023-10-09,176.60145568847656,0.008415653762850538,1.4128438043349456
AMZN,2023-10-09,128.25999450683594,0.0023417029658428425,1.4297071440906386
GOOGL,2023-10-09,137.203369140625,0.006086820839982076,1.4986843558927292
MSFT,2023-10-09,322.8785705566406,0.0077921268247316934,1.3496348480816982
NVDA,2023-10-09,45.188697814941406,-0.010743331151602453,2.8805834545399156
AAPL,2023-10-10,176.00942993164063,-0.003357958232604143,1.4080995338507953
AMZN,2023-10-10,129.47999572753906,0.00946698516860395,1.4432421604191918
GOOGL,2023-10-10,136.84654235839844,-0.0026041021646162703,1.4947816287174724
MSFT,2023-10-10,321.47869873046875,-0.004345024399572476,1.34377065173627
NVDA,2023-10-10,45.71272277832031,0.011529649700868701,2.913795572704879
AAPL,2023-10-11,177.40065002441406,0.007873161282575203,1.4191857285827216
AMZN,2023-10-11,131.8300018310547,0.017986831598422272,1.469201514114395
GOOGL,2023-10-11,139.31468200683594,0.017875104457265617,1.5215010064715988
MSFT,2023-10-11,325.4238586425781,0.012197227473961902,1.3601609280483313
NVDA,2023-10-11,46.71884536743164,0.02177096740279947,2.9772317211366586
AAPL,2023-10-12,178.2985076904297,0.005048421136134649,1.4263503758109992
AMZN,2023-10-12,132.3300018310547,0.003785588962598881,1.4747633071500599
GOOGL,2023-10-12,137.74856567382813,-0.011305238253860095,1.5043000750899496
MSFT,2023-10-12,324.19036865234375,-0.0037976122469032692,1.3549955642502156
NVDA,2023-10-12,46.85758972167969,0.002965371693969685,2.9860603198089057
AAPL,2023-10-13,176.46331787109375,-0.01034613116372797,1.411593167737426
AMZN,2023-10-13,129.7899932861328,-0.019381108651019514,1.4461807592596478
GOOGL,2023-10-13,136.1527099609375,-0.011652912295768779,1.4867705982484078
MSFT,2023-10-13,320.8325500488281,-0.010411564732326973,1.3408879402210085
NVDA,2023-10-13,45.37635040283203,-0.03212194294039666,2.890142260599422
AAPL,2023-10-16,176.3350372314453,-7.272179331138641e-4,1.4105666318715864
AMZN,2023-10-16,132.5500030517578,0.021042247787508333,1.476611653141516
GOOGL,2023-10-16,137.87741088867188,0.012587840315513943,1.50548582912496
MSFT,2023-10-16,325.63922119140625,0.014870748993843509,1.3608279482089072
NVDA,2023-10-16,46.00917053222656,0.013849682929757634,2.930169814530617
AAPL,2023-10-17,174.7860107421875,-0.00882337614191844,1.3981206719053445
AMZN,2023-10-17,131.47000122070313,-0.008181257764936053,1.464531112588457
GOOGL,2023-10-17,138.491943359375,0.004447189777614914,1.5121810103145885
MSFT,2023-10-17,325.0714111328125,-0.0017452003225510474,1.3584530308347564
NVDA,2023-10-17,43.85618591308594,-0.047924957293377736,2.7897415513068924
AAPL,2023-10-18,173.4934844970703,-0.007422384589075485,1.3877432825765263
AMZN,2023-10-18,128.1300048828125,-0.025733286363791553,1.426843914079536
GOOGL,2023-10-18,136.74742126464844,-0.012676569417593805,1.4930117427653686
MSFT,2023-10-18,323.1624755859375,-0.005889667615681968,1.3504521940116239
NVDA,2023-10-18,42.11742401123047,-0.0404542516548368,2.6768846445383683
AAPL,2023-10-19,173.1185760498047,-0.0021632749471028035,1.3847412123003184
AMZN,2023-10-19,128.39999389648438,0.00210493209093831,1.429847323623042
GOOGL,2023-10-19,136.53927612304688,-0.0015232734255919804,1.4907374776535172
MSFT,2023-10-19,324.34698486328125,0.00365866654002578,1.3553930482677585
NVDA,2023-10-19,42.022605895996094,-0.0022538179621799364,2.6708514338438243
AAPL,2023-10-20,170.57296752929688,-0.014813603181065359,1.364228205472834
AMZN,2023-10-20,125.16999816894531,-0.025477545009301914,1.3934183240790061
GOOGL,2023-10-20,134.40818786621094,-0.015730962544798263,1.4672867422284228
MSFT,2023-10-20,319.79486083984375,-0.014134153328692103,1.3362357151028987
NVDA,2023-10-20,41.3099365234375,-0.0171046442887103,2.625167470119934
AAPL,2023-10-23,170.69137573242188,6.939383513960261e-4,1.3651748957446677
AMZN,2023-10-23,126.55999755859375,0.011043686017449744,1.4088067985410957
GOOGL,2023-10-23,135.30026245117188,0.006615127090015119,1.4769930305057581
MSFT,2023-10-23,322.3890686035156,0.00807937338945873,1.3470316623815455
NVDA,2023-10-23,42.89497756958008,0.037651681293458736,2.724009439046845
AAPL,2023-10-24,171.12550354003906,0.002540120557913486,1.368642604562496
AMZN,2023-10-24,128.55999755859375,0.01567921771001468,1.4308957870467702
GOOGL,2023-10-24,137.58995056152344,0.01678141417528246,1.501779062284681
MSFT,2023-10-24,323.5736083984375,0.0036675218703400053,1.35197193046337
NVDA,2023-10-24,43.581695556640625,0.015882489410304346,2.7672734901160747
AAPL,2023-10-25,168.81674194335938,-0.013583466759363384,1.350051693237973
AMZN,2023-10-25,121.38999938964844,-0.057387204557163146,1.3487806778155342
GOOGL,2023-10-25,124.50596618652344,-0.09992425318881881,1.3517149110312796
MSFT,2023-10-25,333.5002136230469,0.030216880292997343,1.3928243044456743
NVDA,2023-10-25,41.70119857788086,-0.044107364254011266,2.645216350297056
AAPL,2023-10-26,164.6629180908203,-0.024913295742491997,1.316417456136683
AMZN,2023-10-26,119.56999969482422,-0.015106526502479031,1.3284052867600822
GOOGL,2023-10-26,121.20523834228516,-0.026868342586328448,1.3153965717226428
MSFT,2023-10-26,320.9891662597656,-0.03823613331344411,1.3395680886586845
NVDA,2023-10-26,40.25090789794922,-0.035397311185560984,2.5515828039924573
AAPL,2023-10-27,165.97518920898438,0.00793785095936787,1.3268669817038063
AMZN,2023-10-27,127.73999786376953,0.06609496003096194,1.4162061810934083
GOOGL,2023-10-27,121.0962142944336,-8.9990426407046e-4,1.3142128407388058
MSFT,2023-10-27,322.8687744140625,0.005838596917379457,1.347389286771747
NVDA,2023-10-27,40.424583435058594,0.00430554069234094,2.562568747584924
AAPL,2023-10-30,168.0175323486328,0.012230018586850477,1.343094589552322
AMZN,2023-10-30,132.7100067138672,0.038169415629497834,1.4702619434366266
GOOGL,2023-10-30,123.36608123779297,0.018570816191618683,1.3386188458408312
MSFT,2023-10-30,330.21087646484375,0.022485500456607032,1.3776860091946808
NVDA,2023-10-30,41.08435821533203,0.01618936958804345,2.6040551201343463
AAPL,2023-10-31,168.49111938476563,0.0028147112792690993,1.3468750130426603
AMZN,2023-10-31,133.08999633789063,0.0028592165427562357,1.4744657407074857
GOOGL,2023-10-31,122.98942565917969,-0.00305782384850216,1.3345255852099647
MSFT,2023-10-31,330.9941101074219,0.0023691110164655886,1.3809499002962944
NVDA,2023-10-31,40.70405960083008,-0.00929963839481354,2.579838349156934
AAPL,2023-11-01,171.64842224121094,0.01856528368562341,1.3718801297488752
AMZN,2023-11-01,137,0.028955362245697565,1.5171594303485416
GOOGL,2023-11-01,125.3386001586914,0.018920494955421037,1.3597754698128102
MSFT,2023-11-01,338.7865905761719,0.02326980184022925,1.4130843308274736
NVDA,2023-11-01,42.24618148803711,0.037186138770848795,2.6757725760150413
AAPL,2023-11-02,175.20037841796875,0.020482010278711965,1.3999789926675523
AMZN,2023-11-02,138.07000732421875,0.007779930147075702,1.5289628247386307
GOOGL,2023-11-02,126.36945343017578,0.00819091022472666,1.3709132686118324
MSFT,2023-11-02,340.98919677734375,0.0064804129552293145,1.4222417008317996
NVDA,2023-11-02,43.424991607666016,0.027521148129337782,2.749412909439971
AAPL,2023-11-03,174.29266357421875,-0.005194477575959182,1.3927068331833268
AMZN,2023-11-03,138.60000610351563,0.0038312748175106013,1.5348207015059616
GOOGL,2023-11-03,127.96529388427734,0.012549299018683853,1.3881172691483237
MSFT,2023-11-03,345.3749084472656,0.012779722384627481,1.4404175549322704
NVDA,2023-11-03,44.92119216918945,0.03387455048191862,2.842548035836434
AAPL,2023-11-06,176.83824157714844,0.014499564483763074,1.412900475718046
AMZN,2023-11-06,139.74000549316406,0.008191461641482902,1.5473931264089016
GOOGL,2023-11-06,129.1051788330078,0.008868326318482792,1.4004275460594522
MSFT,2023-11-06,349.0264587402344,0.010517214176600122,1.4555667348612278
NVDA,2023-11-06,45.66580581665039,0.0164401169034117,2.8892798578491483
AAPL,2023-11-07,179.39369201660156,0.014347362121433418,1.4331718704847183
AMZN,2023-11-07,142.7100067138672,0.021031053723631822,1.5799364343819857
GOOGL,2023-11-07,129.81887817382813,0.005512822227376441,1.4081478541631989
MSFT,2023-11-07,352.9422302246094,0.011156657447878473,1.4718059943146016
NVDA,2023-11-07,45.86943054199219,0.00444910767329732,2.9021345750350083
AAPL,2023-11-08,180.4493865966797,0.005867544335932177,1.4415810699757983
AMZN,2023-11-08,142.0800018310547,-0.004424354026475328,1.5729462362569526
GOOGL,2023-11-08,130.6811981201172,0.006620520871022718,1.4174705264211724
MSFT,2023-11-08,355.5560607910156,0.007378542639408161,1.4826657776005885
NVDA,2023-11-08,46.48727798461914,0.013379789506293477,2.9409645247679133
AAPL,2023-11-09,179.97581481933594,-0.002627852037028535,1.4377928082245206
AMZN,2023-11-09,140.60000610351563,-0.010471269344291862,1.556475492553016
GOOGL,2023-11-09,129.0952911376953,-0.012209932388251762,1.4001633071312303
MSFT,2023-11-09,353.09881591796875,-0.006934982886665306,1.4723835158062841
NVDA,2023-11-09,46.862579345703125,0.008040791788794348,2.9646122081698025
AAPL,2023-11-10,184.15487670898438,0.02295464505678642,1.4707968318025144
AMZN,2023-11-10,143.55999755859375,0.02083402648617425,1.5889031441899464
GOOGL,2023-11-10,131.4246368408203,0.01788276080528059,1.4252020926409885
MSFT,2023-11-10,361.8899230957031,0.02459213619934134,1.5085925717646573
NVDA,2023-11-10,48.24500274658203,0.02907277718178535,3.050801718328324
AAPL,2023-11-13,182.57411193847656,-0.00862094140205274,1.4581171785012201
AMZN,2023-11-13,142.58999633789063,-0.006779695661997966,1.5781308644359469
GOOGL,2023-11-13,130.9290313720703,-0.00377815230613323,1.419817462067971
MSFT,2023-11-13,358.96282958984375,-0.008121241357176835,1.4963409273797124
NVDA,2023-11-13,48.52946090698242,0.005878802504455954,3.068736779110631
AAPL,2023-11-14,185.18234252929688,0.01418479154954766,1.4788002667330746
AMZN,2023-11-14,145.8000030517578,0.022262486894446033,1.6132639821231731
GOOGL,2023-11-14,132.44558715820313,0.011516466971393703,1.436168742975285
MSFT,2023-11-14,362.47723388671875,0.009742824870593806,1.5109195149818748
NVDA,2023-11-14,49.563533782958984,0.021084302439008287,3.1334389534671083
AAPL,2023-11-15,185.74545288085938,0.003036228565909737,1.4832902423462047
AMZN,2023-11-15,143.1999969482422,-0.017993607290294027,1.584235543573273
GOOGL,2023-11-15,133.43679809570313,0.007456045112197433,1.4468768819116364
MSFT,2023-11-15,362.6243896484375,4.058900406858189e-4,1.5115327821652838
NVDA,2023-11-15,48.796966552734375,-0.015587207223274035,3.0845973911779376
AAPL,2023-11-16,187.4250030517578,0.009001578153476707,1.4966421953869733
AMZN,2023-11-16,142.8300018310547,-0.002587108521031568,1.5801369542991732
GOOGL,2023-11-16,135.72647094726563,0.017013674199586167,1.4714935737873942
MSFT,2023-11-16,369.00048828125,0.01743040800297264,1.5378794152682929
NVDA,2023-11-16,49.38786315917969,0.012036558849100449,3.121725329202633
AAPL,2023-11-17,187.40524291992188,-1.05435097976279e-4,1.4964843967704673
AMZN,2023-11-17,145.17999267578125,0.016319176713110995,1.6059234884872986
GOOGL,2023-11-17,134.1207275390625,-0.011901271314470007,1.453980929528251
MSFT,2023-11-17,362.80096435546875,-0.01694359096647426,1.5118222155002263
NVDA,2023-11-17,49.20619583129883,-0.0036851618714986165,3.110221266046164
AAPL,2023-11-20,189.14402770996094,0.009235429647672657,1.5103050731356809
AMZN,2023-11-20,146.1300048828125,0.006522368493262836,1.616397913251199
GOOGL,2023-11-20,135.05245971679688,0.006922947329979933,1.4640467629221705
MSFT,2023-11-20,370.2463073730469,0.020314103435469542,1.5425335283619386
NVDA,2023-11-20,50.31513214111328,0.022286322558553347,3.179536660409741
AAPL,2023-11-21,188.3437957763672,-0.004239782491174946,1.5039017081302675
AMZN,2023-11-21,143.89999389648438,-0.015378098422388055,1.5915407870514795
GOOGL,2023-11-21,135.76614379882813,0.005270581303400727,1.4717631404181322
MSFT,2023-11-21,365.9595947265625,-0.011645549378849932,1.524569877988868
NVDA,2023-11-21,49.85099792480469,-0.009267354899342358,3.150070765762254
AAPL,2023-11-22,189.00570678710938,0.003508215514381768,1.5091777194348353
AMZN,2023-11-22,146.7100067138672,0.01933932343605667,1.622320109093944
GOOGL,2023-11-22,137.2727813720703,0.011036176356807077,1.4880057779912348
MSFT,2023-11-22,370.6484680175781,0.01273115747702088,1.5439794171902665
NVDA,2023-11-22,48.62528991699219,-0.02489475053521061,3.0716505398803426
AAPL,2023-11-24,187.68185424804688,-0.007028944549951761,1.4985697929289052
AMZN,2023-11-24,146.74000549316406,2.0445580612358505e-4,1.6226518018596394
GOOGL,2023-11-24,135.4886016845703,-0.013082534739335924,1.4685388907083319
MSFT,2023-11-24,370.2364501953125,-0.0011122317504685467,1.5422621542603976
NVDA,2023-11-24,47.687034606933594,-0.01948421445247077,3.011801842038267
AAPL,2023-11-27,187.5040283203125,-9.479351399523939e-4,1.4971492459625166
AMZN,2023-11-27,147.72999572753906,0.006723903692254734,1.6335623563014074
GOOGL,2023-11-27,135.2110595703125,-0.0020505545534956642,1.4655275715990044
MSFT,2023-11-27,371.3940124511719,0.0031216711129937558,1.5470765894760157
NVDA,2023-11-27,48.15217208862305,0.009706698329953,3.041036493948529
AAPL,2023-11-28,188.10667419433594,0.0032088882830404865,1.5019534306358489
AMZN,2023-11-28,147.02999877929688,-0.00474961512561893,1.6258035638252766
GOOGL,2023-11-28,135.9940948486328,0.005774502743860656,1.4739902645824063
MSFT,2023-11-28,375.40606689453125,0.010744757943915276,1.5636995529506335
NVDA,2023-11-28,47.73194885253906,-0.008765287149615442,3.01438093584661
AAPL,2023-11-29,187.08908081054688,-0.005424346439495744,1.4938063148920908
AMZN,2023-11-29,146.32000732421875,-0.004840585148378569,1.617933723240043
GOOGL,2023-11-29,133.80355834960938,-0.016238722681049703,1.4500545454412856
MSFT,2023-11-29,371.6294860839844,-0.010110932388842246,1.547889092494287
NVDA,2023-11-29,48.05035400390625,0.006648541844276401,3.034422173633175
AAPL,2023-11-30,187.66209411621094,0.003058102498778967,1.4983745277163543
AMZN,2023-11-30,146.08999633789063,-0.001573209061844679,1.6153883752451776
GOOGL,2023-11-30,131.3651580810547,-0.01839183019257905,1.423385388471552
MSFT,2023-11-30,371.68829345703125,1.5822942700465363e-4,1.548134014098459
NVDA,2023-11-30,46.68291473388672,-0.028871256584072545,2.946814592473813
AAPL,2023-12-01,188.93658447265625,0.006768452968511894,1.5085162052364187
AMZN,2023-12-01,147.02999877929688,0.006413794210223246,1.625749143853587
GOOGL,2023-12-01,130.70103454589844,-0.005068375666387733,1.416171136604731
MSFT,2023-12-01,367.3721618652344,-0.011680182940991518,1.5300515255966174
NVDA,2023-12-01,46.677921295166016,-1.0697073714958612e-4,2.9464993695446124
AAPL,2023-12-04,187.14834594726563,-0.009509830666526638,1.4941704715669089
AMZN,2023-12-04,144.83999633789063,-0.01500697967354326,1.6013515594974959
GOOGL,2023-12-04,128.13380432128906,-0.01983747183695402,1.3880778815660273
MSFT,2023-12-04,362.1044921875,-0.014442576640524672,1.5079536391742367
NVDA,2023-12-04,45.425254821777344,-0.027203051483014613,2.8663455955002206
AAPL,2023-12-05,191.09030151367188,0.02084450291516329,1.5253157123172365
AMZN,2023-12-05,146.8800048828125,0.013986300502114904,1.623748543618158
GOOGL,2023-12-05,129.83868408203125,0.013217724049561503,1.4064251119638669
MSFT,2023-12-05,365.4200134277344,0.00911459110422425,1.5216980199994368
NVDA,2023-12-05,46.483375549316406,0.023026509609174295,2.9323475298982205
AAPL,2023-12-06,190.00355529785156,-0.005703315034779163,1.5166163562823927
AMZN,2023-12-06,144.52000427246094,-0.016198024273178,1.5974470252950936
GOOGL,2023-12-06,128.87721252441406,-0.00743267805786663,1.3959716068941406
MSFT,2023-12-06,361.7709655761719,-0.010036093916213946,1.5064261157586056
NVDA,2023-12-06,45.42226028442383,-0.02309243408385258,2.8646324878530978
AAPL,2023-12-07,191.9300537109375,0.010088217984868331,1.531916312683986
AMZN,2023-12-07,146.8800048828125,0.016198024273177868,1.6233225109859395
GOOGL,2023-12-07,135.72647094726563,0.051781507258528654,1.4682571207892292
MSFT,2023-12-07,363.8800354003906,0.0058129204264140725,1.5151828508977825
NVDA,2023-12-07,46.51332473754883,0.02373652552312774,2.9326289100154037
AAPL,2023-12-08,193.3527069091797,0.007385015938542392,1.5432295390696704
AMZN,2023-12-08,147.4199981689453,0.003669683224747049,1.629279590372859
GOOGL,2023-12-08,133.80355834960938,-0.014268875554302807,1.447306742650969
MSFT,2023-12-08,367.0974426269531,0.008803083818052514,1.5285211325339116
NVDA,2023-12-08,47.421714782714844,0.01934141653554002,2.9893501073081787
AAPL,2023-12-11,190.8531951904297,-0.013011497057899283,1.523149812462402
AMZN,2023-12-11,145.88999938964844,-0.010432734440314026,1.6122817490774752
GOOGL,2023-12-11,132.1184844970703,-0.012673612079807845,1.42896413843412
MSFT,2023-12-11,364.22332763671875,-0.007860107094708392,1.5165067927356701
NVDA,2023-12-11,46.54426956176758,-0.018676348292751953,2.9335199635351157
AAPL,2023-12-12,192.36476135253906,0.007888847458822,1.5351657089898512
AMZN,2023-12-12,147.47999572753906,0.010839635496016388,1.6297582955543548
GOOGL,2023-12-12,131.3552703857422,-0.005793489726591843,1.4206854493784338
MSFT,2023-12-12,367.24456787109375,0.008260806616200725,1.5290343620826141
NVDA,2023-12-12,47.572444915771484,0.02184981200954665,2.99761682326461
AAPL,2023-12-13,195.5756378173828,0.016553830404011167,1.5605785817785227
AMZN,2023-12-13,148.83999633789063,0.009179334477907091,1.644718392067392
GOOGL,2023-12-13,131.4048309326172,0.00037723038782565803,1.421221375101481
MSFT,2023-12-13,367.23480224609375,-2.6591965405441847e-5,1.528993702053754
NVDA,2023-12-13,48.00267791748047,0.009003094006491746,3.024604649319903
AAPL,2023-12-14,195.72381591796875,7.573642449758438e-4,1.561760508197837
AMZN,2023-12-14,147.4199981689453,-0.009586235533609468,1.6289517341745745
GOOGL,2023-12-14,130.78033447265625,-0.0047637908117844465,1.414450973773261
MSFT,2023-12-14,358.9556884765625,-0.022802481171174144,1.4941288519518294
NVDA,2023-12-14,48.26420211791992,0.005433329587825679,3.0410383232525278
AAPL,2023-12-15,195.19032287597656,-0.0027294657330513283,1.557497736407478
AMZN,2023-12-15,149.97000122070313,0.01714963889276147,1.656887668189406
GOOGL,2023-12-15,131.43453979492188,0.004989851788486521,1.42150887449447
MSFT,2023-12-15,363.6641845703125,0.013031921502747493,1.5136002218654558
NVDA,2023-12-15,48.80324935913086,0.01110676698346995,3.0748144272966957
AAPL,2023-12-18,193.53057861328125,-0.008539568325868496,1.544197378070041
AMZN,2023-12-18,154.07000732421875,0.026971809898698733,1.7015769273993089
GOOGL,2023-12-18,134.6063995361328,0.02384602948557238,1.455406217029668
MSFT,2023-12-18,365.5475769042969,0.005165568141875607,1.52141882695106
NVDA,2023-12-18,49.9881477355957,0.023989036169890142,3.1485762618088162
AAPL,2023-12-19,194.56793212890625,0.00534583852999859,1.5524524079116504
AMZN,2023-12-19,153.7899932861328,-0.0018191003361762064,1.698481588238647
GOOGL,2023-12-19,135.44894409179688,0.006239812018287432,1.4644876782341798
MSFT,2023-12-19,366.14599609375,0.0016357102070093206,1.5239074272554398
NVDA,2023-12-19,49.515987396240234,-0.009490336909987875,3.1186952122974603
AAPL,2023-12-20,192.48333740234375,-0.010771776491238616,1.535729737560341
AMZN,2023-12-20,152.1199951171875,-0.01091834083412718,1.679936987357768
GOOGL,2023-12-20,137.12408447265625,0.012291469039879963,1.482488383190481
MSFT,2023-12-20,363.5562438964844,-0.0070981365514203665,1.5130905242450572
NVDA,2023-12-20,48.025638580322266,-0.030560589732898085,3.023386047412484
AAPL,2023-12-21,192.33511352539063,-7.703574707817581e-4,1.5345466766839095
AMZN,2023-12-21,153.83999633789063,0.011243426514228085,1.6988252354236588
GOOGL,2023-12-21,139.18580627441406,0.014923534298407889,1.5046123494240153
MSFT,2023-12-21,366.4206237792969,0.007847905080212231,1.5249651150571009
NVDA,2023-12-21,48.903076171875,0.01810529650504633,3.0781253482501074
AAPL,2023-12-22,191.2681427001953,-0.005562901562520294,1.5260101445784244
AMZN,2023-12-22,153.4199981689453,-0.002733830879625901,1.6941809345359697
GOOGL,2023-12-22,140.24639892578125,0.0075910916827058895,1.5160339997154249
MSFT,2023-12-22,367.4407958984375,0.002780287255730604,1.5292049561319279
NVDA,2023-12-22,48.74335479736328,-0.0032714255989521298,3.0680554901890584
AAPL,2023-12-26,190.72476196289063,-0.002844980088256859,1.5216686761026208
AMZN,2023-12-26,153.41000366210938,-6.514686816695571e-5,1.6940705639539766
GOOGL,2023-12-26,140.27613830566406,2.1202845438185946e-4,1.5163554420611747
MSFT,2023-12-26,367.519287109375,2.1359312716590504e-4,1.5295315838005856
NVDA,2023-12-26,49.19156265258789,0.009153241687381184,3.0961381436010558
AAPL,2023-12-27,190.8235321044922,5.177333792004057e-4,1.5224564947683228
AMZN,2023-12-27,153.33999633789063,-4.5644547960358643e-4,1.6932973131029305
GOOGL,2023-12-27,139.13626098632813,-0.008159148597905824,1.5039832726821545
MSFT,2023-12-27,366.9405212402344,-0.0015760317511170879,1.5271209934601795
NVDA,2023-12-27,49.329322814941406,0.0027965695087425815,3.1047967091283053
AAPL,2023-12-28,191.2483673095703,0.002223850436607484,1.525842210308929
AMZN,2023-12-28,153.3800048828125,2.6087992298881607e-4,1.69373906037557
GOOGL,2023-12-28,138.9974822998047,-9.97927805528269e-4,1.5024824059552955
MSFT,2023-12-28,368.12744140625,0.003229418932336957,1.5320527069084289
NVDA,2023-12-28,49.43412780761719,0.002122344477738888,3.111386157278426
AAPL,2023-12-29,190.21099853515625,-0.005438961129861231,1.5175432138367575
AMZN,2023-12-29,151.94000244140625,-0.009432812028151797,1.6777623381943088
GOOGL,2023-12-29,138.46224975585938,-0.0038580964804295218,1.496685683872972
MSFT,2023-12-29,368.8729553222656,0.0020231038507011172,1.5351522086392524
NVDA,2023-12-29,49.43412780761719,0,3.111386157278426
AAPL,2024-01-02,183.4040069580078,-0.03644256682343277,1.4622400438590646
AMZN,2024-01-02,149.92999267578125,-0.013317252487412825,1.655419153522703
GOOGL,2024-01-02,136.95558166503906,-0.010941071701252018,1.4803103384914804
MSFT,2024-01-02,363.8014831542969,-0.013843947322505979,1.513899642330822
NVDA,2024-01-02,48.08253479003906,-0.027722022881451765,3.0251322390333213
AAPL,2024-01-03,182.03076171875,-0.0075157145463444,1.4512502650911858
AMZN,2024-01-03,148.47000122070313,-0.009785543802100045,1.6392199768850713
GOOGL,2024-01-03,137.69898986816406,0.005413418130598711,1.4883238773167828
MSFT,2024-01-03,363.5366516113281,-7.282212825471442e-4,1.512797188391636
NVDA,2024-01-03,47.48460006713867,-0.012513559735415146,2.9872770660526475
AAPL,2024-01-04,179.7189483642578,-0.012781460565464012,1.4327011670573035
AMZN,2024-01-04,144.57000732421875,-0.02661905587134582,1.5955854887349412
GOOGL,2024-01-04,135.1912384033203,-0.018379713164743572,1.4609689113554614
MSFT,2024-01-04,360.92730712890625,-0.007203548870623383,1.5018996799137154
NVDA,2024-01-04,47.912837982177734,0.008978035475709533,3.014096945527442
AAPL,2024-01-05,178.9977264404297,-0.004021128351702221,1.4269400917749326
AMZN,2024-01-05,145.24000549316406,0.004623714384981175,1.6029630203116723
GOOGL,2024-01-05,134.53701782226563,-0.004850970181105325,1.4538817947309541
MSFT,2024-01-05,360.740966796875,-5.164154859095198e-4,1.5011240756607254
NVDA,2024-01-05,49.00988006591797,0.02263842694725175,3.0823313590406998
AAPL,2024-01-08,183.32498168945313,0.023887329789630617,1.4610258803372063
AMZN,2024-01-08,149.10000610351563,0.026229678338986727,1.6450082247237383
GOOGL,2024-01-08,137.61968994140625,0.02265462414779084,1.4868189403458993
MSFT,2024-01-08,367.5486755371094,0.01869560304685003,1.5291884955033477
NVDA,2024-01-08,52.16028594970703,0.06229948798444914,3.2743590245073464
AAPL,2024-01-09,182.91006469726563,-0.002265851800909265,1.4577154122150693
AMZN,2024-01-09,151.3699951171875,0.015109875810597672,1.6698640947067256
GOOGL,2024-01-09,139.71116638183594,0.015083183453422912,1.5092449031851602
MSFT,2024-01-09,368.6277770996094,0.0029316404552138385,1.5336715263604128
NVDA,2024-01-09,53.04571533203125,0.016832695433235356,3.3294753127059447
AAPL,2024-01-10,183.94737243652344,0.005655115032226265,1.4659589605553944
AMZN,2024-01-10,153.72999572753906,0.015470650615520465,1.6956979786913358
GOOGL,2024-01-10,141.02947998046875,0.009391752180213089,1.5234193572951251
MSFT,2024-01-10,375.47467041015625,0.018403612518448135,1.5618966228621267
NVDA,2024-01-10,54.25356674194336,0.022514641453404198,3.4044372555994795
AAPL,2024-01-11,183.3546142578125,-0.0032276367391347433,1.461227377556242
AMZN,2024-01-11,155.17999267578125,0.009387897135060054,1.7116170168874192
GOOGL,2024-01-11,140.8312225341797,-0.001406776306285816,1.521276247038745
MSFT,2024-01-11,377.2992858886719,0.004847720983205234,1.569468261894373
NVDA,2024-01-11,54.72472381591797,0.008646859978975924,3.4338749478558572
AAPL,2024-01-12,183.6806182861328,0.0017764186385631237,1.4638231291049117
AMZN,2024-01-12,154.6199951171875,-0.0036152239546972612,1.7054291380467004
GOOGL,2024-01-12,141.39620971679688,0.004003777611910733,1.5273670988181705
MSFT,2024-01-12,381.06610107421875,0.009934119431453772,1.5850595470519078
NVDA,2024-01-12,54.6129264831543,-0.00204499312760446,3.426852697186439
AAPL,2024-01-16,181.41819763183594,-0.012393628874980685,1.4456810485041727
AMZN,2024-01-16,153.16000366210938,-0.009487311793446907,1.689249200072422
GOOGL,2024-01-16,141.23760986328125,-0.0011222993086841123,1.52565293577906
MSFT,2024-01-16,382.83172607421875,0.004622681414747619,1.5923867723613327
NVDA,2024-01-16,56.281959533691406,0.030103445719195286,3.530012771343869
AAPL,2024-01-17,180.4796600341797,-0.005186765723318812,1.4381826395949395
AMZN,2024-01-17,151.7100067138672,-0.009512302504832145,1.6731805506752875
GOOGL,2024-01-17,140.22659301757813,-0.007184012628031746,1.5146926258224296
MSFT,2024-01-17,382.0469970703125,-0.0020519051072822162,1.5891193458103559
NVDA,2024-01-17,55.95354461669922,-0.005852263181795017,3.5093542075708672
AAPL,2024-01-18,186.35801696777344,0.032051561391573176,1.4842786387602118
AMZN,2024-01-18,153.5,0.011729719012639512,1.6928064883921221
GOOGL,2024-01-18,142.21890258789063,0.014107802357130488,1.5360616100193354
MSFT,2024-01-18,386.3631591796875,0.011234124035984396,1.6069717096491718
NVDA,2024-01-18,57.005672454833984,0.018628993591149678,3.574729944612779
AAPL,2024-01-19,189.25270080566406,0.015413517292042241,1.507156593224951
AMZN,2024-01-19,155.33999633789063,0.011915672389449407,1.7129774159265367
GOOGL,2024-01-19,145.09339904785156,0.020010228295362215,1.5667985535115638
MSFT,2024-01-19,391.0716552734375,0.012113050708918644,1.6264370394559498
NVDA,2024-01-19,59.38544464111328,0.0408983769950059,3.7209305975428895
AAPL,2024-01-22,191.55462646484375,0.012089860318452439,1.5253779059150756
AMZN,2024-01-22,154.77999877929688,-0.003611493461086361,1.7067910091899294
GOOGL,2024-01-22,144.70684814453125,-0.002667707404056907,1.5626187934096956
MSFT,2024-01-22,388.952880859375,-0.005432597378368821,1.6176012618593194
NVDA,2024-01-22,59.54814910888672,0.0027360573937761207,3.731111277216024
AAPL,2024-01-23,192.8291015625,0.006631288865980781,1.5354931274389831
AMZN,2024-01-23,156.02000427246094,0.007979485588611064,1.7204103234505315
GOOGL,2024-01-23,145.74761962890625,0.007166534202646089,1.5738173544383638
MSFT,2024-01-23,391.2972717285156,0.006009349479699887,1.6273219931606355
NVDA,2024-01-23,59.76676559448242,0.0036645331522155,3.7447840581859877
AAPL,2024-01-24,192.15728759765625,-0.003490069600814459,1.5301341495526488
AMZN,2024-01-24,156.8699951171875,0.005433174197432314,1.729757612428899
GOOGL,2024-01-24,147.39305114746094,0.011226342597977734,1.5914855672459318
MSFT,2024-01-24,394.88751220703125,0.009133388255872399,1.6421849567414917
NVDA,2024-01-24,61.25312805175781,0.024565171178019277,3.836775319600044
AAPL,2024-01-25,191.8312530517578,-0.001698147677511481,1.5275357558003049
AMZN,2024-01-25,157.75,0.005594095679664069,1.7394340420154535
GOOGL,2024-01-25,150.53515625,0.021093817436998414,1.6250560732550352
MSFT,2024-01-25,397.1534729003906,0.005721842475732146,1.6515812803799834
NVDA,2024-01-25,61.507667541503906,0.0041469241591627045,3.852686135866173
AAPL,2024-01-26,190.10232543945313,-0.009053613085467836,1.5137060380930714
AMZN,2024-01-26,159.1199951171875,0.008647102438040672,1.754475106360976
GOOGL,2024-01-26,150.8523712158203,0.002105031257420256,1.6284768670842975
MSFT,2024-01-26,396.23138427734375,-0.002324443250656726,1.6477422734198932
NVDA,2024-01-26,60.92271041870117,-0.009555824032598435,3.815870545099004
AAPL,2024-01-29,189.42068481445313,-0.0035920950220447957,1.508268662168798
AMZN,2024-01-29,161.25999450683594,0.013359331333490848,1.7779137206232138
GOOGL,2024-01-29,152.16075134277344,0.008635852119230205,1.642540152488025
MSFT,2024-01-29,401.9110412597656,0.014232429385906607,1.6711936489725152
NVDA,2024-01-29,62.35416793823242,0.023224498857301285,3.9044922262132657
AAPL,2024-01-30,185.77508544921875,-0.019433663110030877,1.4789574771087926
AMZN,2024-01-30,159,-0.014113732972622603,1.7528207211219757
GOOGL,2024-01-30,150.1287841796875,-0.013444049690389962,1.6204577610595152
MSFT,2024-01-30,400.8026123046875,-0.0027617062564141547,1.6665783030164683
NVDA,2024-01-30,62.66261291503906,0.00493446720609609,3.923758815059972
AAPL,2024-01-31,182.17892456054688,-0.019547417874677734,1.4500476772848678
AMZN,2024-01-31,155.1999969482422,-0.024189614134501332,1.7104206642310766
GOOGL,2024-01-31,138.86862182617188,-0.07796516748053794,1.4941185003233726
MSFT,2024-01-31,390.0024108886719,-0.027316146605270566,1.6210538057621071
NVDA,2024-01-31,61.41782760620117,-0.02006483964186804,3.8450292236424275
AAPL,2024-02-01,184.60934448242188,0.013252634822837802,1.4692646296276286
AMZN,2024-02-01,159.27999877929688,0.02594906400632865,1.7548044795249562
GOOGL,2024-02-01,139.9193115234375,0.007537590736003813,1.505380554089902
MSFT,2024-02-01,396.0843200683594,0.015474197183362886,1.646138311997311
NVDA,2024-02-01,62.91516876220703,0.02408714652294372,3.9376450059373034
AAPL,2024-02-02,183.61148071289063,-0.005419933605029974,1.4613013128868277
AMZN,2024-02-02,171.80999755859375,0.07572554877189726,1.887688011724367
GOOGL,2024-02-02,141.12860107421875,0.008605628859571862,1.5183353004308164
MSFT,2024-02-02,403.38250732421875,0.01825814342305455,1.676193741391943
NVDA,2024-02-02,66.04261016845703,0.048512850899211084,4.128671391004363
AAPL,2024-02-05,185.41943359375,0.009798460106442709,1.4756198155046416
AMZN,2024-02-05,170.30999755859375,-0.008768909348284514,1.8711350466717125
GOOGL,2024-02-05,142.41714477539063,0.009088851377753365,1.5321352243180286
MSFT,2024-02-05,397.9185791015625,-0.01363785224243704,1.653334058817142
NVDA,2024-02-05,69.20899963378906,0.04683076435510608,4.3220202280161555
AAPL,2024-02-06,187.01991271972656,0.008594628863868881,1.488302220163075
AMZN,2024-02-06,169.14999389648438,-0.006834432372405122,1.8583469007355977
GOOGL,2024-02-06,142.83346557617188,0.0029189847893559655,1.5366075037330496
MSFT,2024-02-06,397.7616882324219,-3.943565716404986e-4,1.6526820556659303
NVDA,2024-02-06,68.101959228515625,-0.016124924061897004,4.252327980045412
AAPL,2024-02-07,187.12860107421875,5.809904545518284e-4,1.4891669095464777
AMZN,2024-02-07,170.52999877929688,0.008125368023266808,1.873446653218972
GOOGL,2024-02-07,144.2607879638672,0.009943313946292682,1.5518864745548966
MSFT,2024-02-07,406.1585388183594,0.020890520418113418,1.6872074438944689
NVDA,2024-02-07,69.974609375,0.027126470418061398,4.367678629204009
AAPL,2024-02-08,186.0517578125,-0.005771183959191641,1.4805726533655441
AMZN,2024-02-08,169.83999633789063,-0.0040544313336464575,1.8658508924062458
GOOGL,2024-02-08,144.62757873535156,0.0025393266801959475,1.555827221284369
MSFT,2024-02-08,406.2174072265625,1.4492897923138682e-4,1.6874519691470642
NVDA,2024-02-08,69.517425537109375,-0.006555004738496518,4.339048475093346
AAPL,2024-02-09,186.81341552734375,0.00408543800114694,1.4866214411470628
AMZN,2024-02-09,174.4499969482422,0.026781354306300166,1.9158209062385039
GOOGL,2024-02-09,147.69039916992188,0.020956169339846113,1.5884313999971464
MSFT,2024-02-09,412.5346374511719,0.015431669767991239,1.7134921706842883
NVDA,2024-02-09,72.00502014160156,0.035158392477747866,4.491602444360652
AAPL,2024-02-12,185.13172912597656,-0.009042719793102455,1.4731783400163518
AMZN,2024-02-12,172.33999633789063,-0.012168901576895616,1.8925074701915285
GOOGL,2024-02-12,146.2333221435547,-0.009914742205781254,1.5726825121546064
MSFT,2024-02-12,407.3454284667969,-0.012658627751822533,1.6918017111399335
NVDA,2024-02-12,72.11981201171875,0.0015929509533610944,4.498757346756515
AAPL,2024-02-13,183.0445098876953,-0.011338274323652631,1.4564750398695832
AMZN,2024-02-13,168.63999938964844,-0.02170298682855135,1.8514344054930267
GOOGL,2024-02-13,143.8643035888672,-0.016332923874324196,1.5469960084051044
MSFT,2024-02-13,398.5758972167969,-0.021763606723970107,1.6549820040437442
NVDA,2024-02-13,72.0000228881836,-0.0016623548202650518,4.4912788157959325
AAPL,2024-02-14,182.1641082763672,-0.0048213720761068,1.4494528317828095
AMZN,2024-02-14,170.97999572753906,0.013780303876272836,1.8769477342077074
GOOGL,2024-02-14,144.6572723388672,0.005496786464277944,1.5554995151243975
MSFT,2024-02-14,402.42822265625,0.009618814799504525,1.6709009694371537
NVDA,2024-02-14,73.768890380859375,0.02427066627145759,4.600285145066183
AAPL,2024-02-15,181.87722778320313,-0.0015760877907702129,1.4471683668713393
AMZN,2024-02-15,169.8000030517578,-0.006925273760105457,1.8639493573149095
GOOGL,2024-02-15,141.5151824951172,-0.02196029746129782,1.5213402830713612
MSFT,2024-02-15,399.5487976074219,-0.007180847702837957,1.6589024840491011
NVDA,2024-02-15,72.529083251953125,-0.016949473453939712,4.52231273411933
AAPL,2024-02-16,180.34393310546875,-0.008466119606188167,1.4349164663871146
AMZN,2024-02-16,169.50999450683594,-0.0017094021256489145,1.8607631183214133
GOOGL,2024-02-16,139.28492736816406,-0.015885335850573123,1.4971732817317667
MSFT,2024-02-16,397.09185791015625,-0.006168270399684932,1.6486699249607772
NVDA,2024-02-16,72.4841537475586,-6.196607532090814e-4,4.519510434404259
AAPL,2024-02-20,179.60203552246094,-0.004122277776495736,1.429001342126599
AMZN,2024-02-20,167.0800018310547,-0.014439139136134756,1.8338953007565826
GOOGL,2024-02-20,139.879638671875,0.004260656800438077,1.503552223256011
MSFT,2024-02-20,395.84381103515625,-0.0031479171753601635,1.6434800485874934
NVDA,2024-02-20,69.32877349853516,-0.04450794694932884,4.318356303752856
AAPL,2024-02-21,180.35385131835938,0.004177272363773047,1.434970669940859
AMZN,2024-02-21,168.58999633789063,0.008996959517601153,1.8503947825370086
GOOGL,2024-02-21,141.2970733642578,0.010082248200110978,1.518711409952707
MSFT,2024-02-21,395.2442626953125,-0.0015157565245698696,1.6409889329808465
NVDA,2024-02-21,67.35227966308594,-0.028923271734635925,4.193455310932434
AAPL,2024-02-22,182.38172912597656,0.011181141545836798,1.451015280115592
AMZN,2024-02-22,174.5800018310547,0.03491338968982024,1.9149983366597332
GOOGL,2024-02-22,142.8235321044922,0.010745249714040658,1.5350303432962114
MSFT,2024-02-22,404.5509948730469,0.023273837110592804,1.679181042107328
NVDA,2024-02-22,78.39866638183594,0.1518701664881292,4.830316067164272
AAPL,2024-02-23,180.5517120361328,-0.010084673340927766,1.4363822650029314
AMZN,2024-02-23,174.99000549316406,0.0023457610294128446,1.91949046512926
GOOGL,2024-02-23,142.6947021484375,-9.024289824067077e-4,1.5336450874255472
MSFT,2024-02-23,403.2635803222656,-0.0031874038430955596,1.673828814000462
NVDA,2024-02-23,78.6771469116211,0.0035458141609378095,4.847443470277029
AAPL,2024-02-26,179.20635986328125,-0.007479239796994871,1.4256392176028239
AMZN,2024-02-26,174.72999572753906,-0.0014869599257995307,1.9166362597296585
GOOGL,2024-02-26,136.36085510253906,-0.04540267982507658,1.4640134905558635
MSFT,2024-02-26,400.5119323730469,-0.0068468338617480515,1.662368386197994
NVDA,2024-02-26,78.95166015625,0.0034830374886139813,4.864327297607941
AAPL,2024-02-27,180.66050720214844,0.008081628993766498,1.4371607048384534
AMZN,2024-02-27,173.5399932861328,-0.006833819221537168,1.903538314017223
GOOGL,2024-02-27,137.6593475341797,0.009477419099078352,1.477888559972566
MSFT,2024-02-27,400.45294189453125,-1.4729854084102127e-4,1.662123521760367
NVDA,2024-02-27,78.56135559082031,-0.004955849044167251,4.840220425819574
AAPL,2024-02-28,179.46356201171875,-0.006647429040895243,1.4276072810326768
AMZN,2024-02-28,173.16000366210938,-0.0021920379551390117,1.899365685783836
GOOGL,2024-02-28,135.18133544921875,-0.01816503460050967,1.4510426631449669
MSFT,2024-02-28,400.68878173828125,5.887593757897269e-4,1.663102112567524
NVDA,2024-02-28,77.52519226074219,-0.013276974414088703,4.775956943067418
AAPL,2024-02-29,178.80078125,-0.003699958035397528,1.4223251940018278
AMZN,2024-02-29,176.75999450683594,0.02057680546309288,1.9384485640034839
GOOGL,2024-02-29,137.2430419921875,0.015136280569288134,1.473006052012336
MSFT,2024-02-29,406.5067443847656,0.014415499612623768,1.687076560426995
NVDA,2024-02-29,78.97163391113281,0.018485778604705662,4.864244225742569
AAPL,2024-03-01,177.72251892089844,-0.006048780633309618,1.4137218609140811
AMZN,2024-03-01,178.22000122070313,0.008225899848415687,1.9543940477522816
GOOGL,2024-03-01,135.93463134765625,-0.009579264906622283,1.458895736831052
MSFT,2024-03-01,408.3346252441406,0.004486477966246985,1.6946455922427226
NVDA,2024-03-01,82.13301086425781,0.03925129324593684,5.055172102267045
AAPL,2024-03-04,173.21170043945313,-0.025708903156778186,1.3773766225012207
AMZN,2024-03-04,177.5800018310547,-0.0035975271186564546,1.947363062164952
GOOGL,2024-03-04,132.1779327392578,-0.028025128149759146,1.4180099968492246
MSFT,2024-03-04,407.7646484375,-0.0013968322670959209,1.6922784565981859
NVDA,2024-03-04,85.08576965332031,0.03531978566387801,5.233719697413133
AAPL,2024-03-05,168.28541564941406,-0.02885310777132848,1.3376350263704848
AMZN,2024-03-05,174.1199951171875,-0.019676533274039055,1.909045708075629
GOOGL,2024-03-05,131.50392150878906,-0.005112317647909365,1.4107606793174203
MSFT,2024-03-05,395.7062072753906,-0.03001813081166552,1.6414794205182581
NVDA,2024-03-05,85.81549835205078,0.008539821173706781,5.278414727702349
AAPL,2024-03-06,167.29615783691406,-0.005895798555370265,1.329748599714397
AMZN,2024-03-06,173.50999450683594,-0.0035094856867787733,1.902345939487731
GOOGL,2024-03-06,130.24508666992188,-0.009618714914674456,1.3971909745302336
MSFT,2024-03-06,395.1558837890625,-0.001391705535946596,1.6391949645215806
NVDA,2024-03-06,88.54676055908203,0.031331156720506174,5.443793566771819
AAPL,2024-03-07,167.17750549316406,-7.094869446274004e-4,1.3288051604432631
AMZN,2024-03-07,176.82000732421875,0.018897104445031784,1.9382947693968124
GOOGL,2024-03-07,133.19888305664063,0.022425414992365,1.428523561957661
MSFT,2024-03-07,402.0843200683594,0.017381488483891917,1.6676866129202659
NVDA,2024-03-07,92.5089111328125,0.04377419607330952,5.68209125374631
AAPL,2024-03-08,168.88882446289063,0.010184499958690476,1.342338376544905
AMZN,2024-03-08,175.35000610351563,-0.00834829600574499,1.9221133109155009
GOOGL,2024-03-08,134.21983337402344,0.007635630679594922,1.4394312402938692
MSFT,2024-03-08,399.2146301269531,-0.007162625657721289,1.655741597997525
NVDA,2024-03-08,87.376800537109375,-0.057075169102059446,5.357784934585406
AAPL,2024-03-11,170.88705444335938,0.011762182910683327,1.358127206057856
AMZN,2024-03-11,171.9600067138672,-0.01952208072253206,1.8845896597019551
GOOGL,2024-03-11,136.45994567871094,0.016552130022315294,1.4632568933413956
MSFT,2024-03-11,397.5439147949219,-0.004193786916675127,1.648797770546448
NVDA,2024-03-11,85.62583923339844,-0.020242709546872153,5.249328850339986
AAPL,2024-03-12,171.36187744140625,0.002774724818420204,1.3618956353230764
AMZN,2024-03-12,175.38999938964844,0.01975013161880721,1.9218105535285115
GOOGL,2024-03-12,137.2826690673828,0.0060109447454234025,1.4720524496756306
MSFT,2024-03-12,408.118408203125,0.02625194302001917,1.6920819156703681
NVDA,2024-03-12,91.75422668457031,0.06912645548004565,5.612196347413133
AAPL,2024-03-13,169.28453063964844,-0.012196650276009458,1.345285070546617
AMZN,2024-03-13,176.55999755859375,0.006648685830772736,1.9345880681251864
GOOGL,2024-03-13,138.56134033203125,0.00927104000652307,1.4856999068282735
MSFT,2024-03-13,407.9414978027344,-4.335720989599591e-4,1.6913482761625787
NVDA,2024-03-13,90.730987548828125,-0.011214605678534061,5.5492577783863855
AAPL,2024-03-14,171.13433837890625,0.010867940144534561,1.359905548170654
AMZN,2024-03-14,178.75,0.012327433453265669,1.9584365737944813
GOOGL,2024-03-14,141.84226989746094,0.023402546798760956,1.5204690684267368
MSFT,2024-03-14,417.88702392578125,0.024087341918879412,1.732088360394414
NVDA,2024-03-14,87.792083740234375,-0.03292761343754892,5.366533963394367
AAPL,2024-03-15,170.75843811035156,-0.00219893747906188,1.3569152008927972
AMZN,2024-03-15,174.4199981689453,-0.02452200827324045,1.9104117759292765
GOOGL,2024-03-15,139.93911743164063,-0.013508212327837279,1.4999302494125195
MSFT,2024-03-15,409.23876953125,-0.020912344014140168,1.695866332738958
NVDA,2024-03-15,87.68526458740234,-0.001217469571363936,5.360000371590243
AAPL,2024-03-18,171.84658813476563,0.006352234205795292,1.3655346440462721
AMZN,2024-03-18,174.47999572753906,3.4392410567333365e-4,1.9110688125907807
GOOGL,2024-03-18,146.38198852539063,0.0450121122250923,1.5674452781288868
MSFT,2024-03-18,410.12322998046875,0.0021589011774386557,1.6995275405614865
NVDA,2024-03-18,88.30218505859375,0.007010988561256274,5.397579272883792
AAPL,2024-03-19,174.18115234375,0.013493713705320546,1.3839607775877294
AMZN,2024-03-19,175.89999389648438,0.008105519638180665,1.9265590183811498
GOOGL,2024-03-19,145.7377166748047,-0.004411019754948048,1.56053124604226
MSFT,2024-03-19,414.1427001953125,0.009752925429751447,1.7161029059303916
NVDA,2024-03-19,89.24357604980469,0.010604587882097059,5.454818376633675
AAPL,2024-03-20,176.7432098388672,0.014602024221527185,1.4041694063837091
AMZN,2024-03-20,178.14999389648438,0.01271024074657137,1.9510460473172524
GOOGL,2024-03-20,147.43270874023438,0.011563314747537006,1.5785761600136128
MSFT,2024-03-20,417.89678955078125,0.0090238861892667,1.7315888232425771
NVDA,2024-03-20,90.21587371826172,0.010835954121755139,5.513926538305384
AAPL,2024-03-21,169.5219268798828,-0.04171560670836371,1.3455936276750897
AMZN,2024-03-21,178.14999389648438,0,1.9510460473172524
GOOGL,2024-03-21,146.30270385742188,-0.007694070302138504,1.566430484061188
MSFT,2024-03-21,421.9654235839844,0.009688888958120973,1.748365995072098
NVDA,2024-03-21,91.27703857421875,0.011693866554623589,5.578405659436324
AAPL,2024-03-22,170.42213439941406,0.005296222092395163,1.3527201903733685
AMZN,2024-03-22,178.8699951171875,0.004033399915744371,1.9589153962801156
GOOGL,2024-03-22,149.44483947753906,0.021249568589556428,1.5997164560730184
MSFT,2024-03-22,421.3462829589844,-0.0014683556066843319,1.7457987720606976
NVDA,2024-03-22,94.12611389160156,0.030736258511100838,5.749864977864547
AAPL,2024-03-25,169.00753784179688,-0.00833518612695549,1.341445015808916
AMZN,2024-03-25,179.7100067138672,0.00468522019633587,1.9680933462576804
GOOGL,2024-03-25,148.75100708007813,-0.004653543351293713,1.5922721061949046
MSFT,2024-03-25,415.56768798828125,-0.013809512097496616,1.7216901427981308
NVDA,2024-03-25,94.837890625,0.0075334993195252595,5.793181581762652
AAPL,2024-03-26,167.87985229492188,-0.0066947579029263266,1.332464366187988
AMZN,2024-03-26,178.3000030517578,-0.007876935918428052,1.952590801087724
GOOGL,2024-03-26,149.345703125,0.003989959053655642,1.5986252067009001
MSFT,2024-03-26,414.3785705566406,-0.002865530708952852,1.716756586822641
NVDA,2024-03-26,92.4011001586914,-0.026030134487180345,5.642384286080714
AAPL,2024-03-27,171.44100952148438,0.02099068099108167,1.360433700630624
AMZN,2024-03-27,179.8300018310547,0.008544428374293455,1.9692745733319224
GOOGL,2024-03-27,149.5439453125,0.001326524472201523,1.6007458221594673
MSFT,2024-03-27,414.1623229980469,-5.219961143408386e-4,1.7158604465550509
NVDA,2024-03-27,90.0940933227539,-0.02528427949692873,5.49972066476237
AAPL,2024-03-28,169.6307373046875,-0.010615298586031502,1.34599229069193
AMZN,2024-03-28,180.3800048828125,0.003053793447902987,1.9752883311210852
GOOGL,2024-03-28,149.6034393310547,3.977572420360199e-4,1.6013825304028901
MSFT,2024-03-28,413.4645690917969,-0.0016861561127013136,1.7129672379745498
NVDA,2024-03-28,90.19991302490234,0.00117385726173821,5.506176551802233
AAPL,2024-04-01,168.19638061523438,-0.008491712077255072,1.334562511701169
AMZN,2024-04-01,180.97000122070313,0.00326551461029285,1.981738664025902
GOOGL,2024-04-01,154.1233673095703,0.02976531268398602,1.6490481821470049
MSFT,2024-04-01,417.2481994628906,0.009109421881015784,1.7285713792136181
NVDA,2024-04-01,90.20690155029297,7.747518197212624e-5,5.506603143832554
AAPL,2024-04-02,167.0192108154297,-0.007023388343768356,1.325189360912457
AMZN,2024-04-02,180.69000244140625,-0.0015484091821309372,1.9786701216819405
GOOGL,2024-04-02,153.2015380859375,-0.005999071159405791,1.6391554247570164
MSFT,2024-04-02,414.1721496582031,-0.007399539458517904,1.7157807470862623
NVDA,2024-04-02,89.2974624633789,-0.010132866387785914,5.4508054699255375
AAPL,2024-04-03,167.82044982910156,0.00478581624070255,1.331531473677918
AMZN,2024-04-03,182.41000366210938,0.009474051539763393,1.997416144394945
GOOGL,2024-04-03,153.55836486816406,0.0023264249318552285,1.642968796804357
MSFT,2024-04-03,413.19921875,-0.0023518613135850167,1.711745468724596
NVDA,2024-04-03,88.8103256225586,-0.005470148843595982,5.420988752687558
AAPL,2024-04-04,166.9994659423828,-0.004904042402553911,1.3250015868706664
AMZN,2024-04-04,180,-0.013300069884866008,1.9708503700853326
GOOGL,2024-04-04,149.20692443847656,-0.02874662477510661,1.5957389892854137
MSFT,2024-04-04,410.6735534667969,-0.006131221422559477,1.7012503782367827
NVDA,2024-04-04,85.75658416748047,-0.03499005637890508,5.231308050601609
AAPL,2024-04-05,167.751220703125,0.004491438282254226,1.330952749721985
AMZN,2024-04-05,185.07000732421875,0.027777320574842966,2.025595312620241
GOOGL,2024-04-05,151.1596221923828,0.01300228195104132,1.6164872375443724
MSFT,2024-04-05,418.18182373046875,0.018117697857072384,1.7320731185689067
NVDA,2024-04-05,87.8559799194336,0.02418601558162921,5.357832548625762
AAPL,2024-04-08,166.6334228515625,-0.006685725776003379,1.3220543646165261
AMZN,2024-04-08,185.19000244140625,6.481667921116775e-4,2.0269082362361384
GOOGL,2024-04-08,153.4889678955078,0.015292314967556647,1.6412070695219363
MSFT,2024-04-08,417.2678527832031,-0.002187974542513549,1.7282833866797058
NVDA,2024-04-08,86.98246765136719,-0.009992304876429605,5.304295452323036
AAPL,2024-04-09,167.8402862548828,0.007216523200862572,1.3315950006115829
AMZN,2024-04-09,185.6699981689453,0.0025885563003378185,2.0321550023212542
GOOGL,2024-04-09,155.22360229492188,0.011237978772295428,1.659650919730165
MSFT,2024-04-09,418.9286804199219,0.003972343234375424,1.7351487214978665
NVDA,2024-04-09,85.20653533935547,-0.020628440343289818,5.194876110021606
AAPL,2024-04-10,165.97064208984375,-0.011201932333536257,1.3166785635190568
AMZN,2024-04-10,185.9499969482422,0.0015069094018642995,2.0352172758002975
GOOGL,2024-04-10,154.76763916015625,-0.0029417828804066755,1.6547685870670517
MSFT,2024-04-10,415.9608154296875,-0.007109629493065524,1.7228124569726504
NVDA,2024-04-10,86.88863372802734,0.019549089816317755,5.296431209681062
AAPL,2024-04-11,173.15234375,0.04236088887289251,1.3724542378296074
AMZN,2024-04-11,189.0500030517578,0.016533742520170792,2.068867034210983
GOOGL,2024-04-11,158.00889587402344,0.020726444493391526,1.6890660563363047
MSFT,2024-04-11,420.55023193359375,0.01097286776280886,1.7417166502431312
NVDA,2024-04-11,90.45945739746094,0.04027453920155324,5.509742536063692
AAPL,2024-04-12,174.6460723876953,0.008589675815827856,1.3842431748046229
AMZN,2024-04-12,186.1300048828125,-0.015566165935951603,2.036662706657035
GOOGL,2024-04-12,156.3436737060547,-0.010594713742258177,1.6711708849776565
MSFT,2024-04-12,414.6242370605469,-0.014191272714445324,1.7169994742682408
NVDA,2024-04-12,88.033660888671875,-0.027182514333963778,5.359973880600691
AAPL,2024-04-15,170.82769775390625,-0.022106049481445244,1.353643026688039
AMZN,2024-04-15,183.6199951171875,-0.013577002419975346,2.009010932160079
GOOGL,2024-04-15,153.4989013671875,-0.01836321091528325,1.6404828215413312
MSFT,2024-04-15,406.5067443847656,-0.019772136991820673,1.683050725448125
NVDA,2024-04-15,85.85242462158203,-0.025089421959297118,5.22549523421949
AAPL,2024-04-16,167.55340576171875,-0.01935329222788781,1.327445577620303
AMZN,2024-04-16,183.32000732421875,-0.0016350785294987403,2.0057260415193756
GOOGL,2024-04-16,153.0429229736328,-0.0029749854254940518,1.6356024090564725
MSFT,2024-04-16,407.4305114746094,0.0022698739486931383,1.6868710384441488
NVDA,2024-04-16,87.26399230957031,0.01630808905573857,5.3107130758594785
AAPL,2024-04-17,166.18826293945313,-0.008180880986731578,1.316585903333428
AMZN,2024-04-17,181.27999877929688,-0.011190509048215303,1.983280946103512
GOOGL,2024-04-17,154.10353088378906,0.006906230642728143,1.6468982565332182
MSFT,2024-04-17,404.73773193359375,-0.0066311122849906316,1.675685207177927
NVDA,2024-04-17,83.88983917236328,-0.03943341880373292,5.10129350299265
AAPL,2024-04-18,165.23861694335938,-0.005730667321467817,1.30904098752129
AMZN,2024-04-18,179.22000122070313,-0.011428682278624262,1.9606146583012456
GOOGL,2024-04-18,154.6387939453125,0.0034673807557581916,1.6526086798546131
MSFT,2024-04-18,397.2983093261719,-0.01855187446344884,1.6445981055741037
NVDA,2024-04-18,84.52472686767578,0.00753961747843878,5.1397553046504605
AAPL,2024-04-19,163.22064208984375,-0.012287674581296345,1.2929559178530496
AMZN,2024-04-19,174.6300048828125,-0.025944630354616176,1.9097472357237777
GOOGL,2024-04-19,152.73565673828125,-0.012383342355195162,1.6321438607928065
MSFT,2024-04-19,392.23712158203125,-0.012820848496946586,1.6235129624241729
NVDA,2024-04-19,76.06837463378906,-0.1054115151462629,4.597965910506213
AAPL,2024-04-22,164.05157470703125,0.005077940381368009,1.2995214709196445
AMZN,2024-04-22,177.22999572753906,0.01477882204751945,1.9379710502762815
GOOGL,2024-04-22,154.90640258789063,0.014112386851736183,1.6551773063540005
MSFT,2024-04-22,394.04534912109375,0.0045994430606605095,1.6309802178530868
NVDA,2024-04-22,79.38063049316406,0.042621787980714435,4.793939438686362
AAPL,2024-04-23,165.10011291503906,0.006371176538247041,1.307800951626116
AMZN,2024-04-23,179.5399932861328,0.0129496869735391,1.96306716874114
GOOGL,2024-04-23,156.8689727783203,0.012589808357204125,1.6760156714381906
MSFT,2024-04-23,400.5413818359375,0.016351084637126773,1.6576485134366823
NVDA,2024-04-23,82.280609130859375,0.03588107785942052,4.965951152939214
AAPL,2024-04-24,167.19729614257813,0.012622494278856944,1.3243086616559003
AMZN,2024-04-24,176.58999633789063,-0.01656734624660272,1.9305443552512673
GOOGL,2024-04-24,157.7313690185547,0.005482501356823738,1.6852044296309086
MSFT,2024-04-24,402.0056457519531,0.0036490460757286,1.6636973492395757
NVDA,2024-04-24,79.53935241699219,-0.03388356975883869,4.797687000629613
AAPL,2024-04-25,168.05789184570313,0.00513398524015487,1.3311076427782509
AMZN,2024-04-25,173.6699981689453,-0.016673704471388103,1.8983550292029014
GOOGL,2024-04-25,154.62887573242188,-0.019865494202339684,1.6517270108043185
MSFT,2024-04-25,392.158447265625,-0.024800172348507094,1.6224373682426798
NVDA,2024-04-25,82.4892578125,0.03641617838486753,4.9724004262793
AAPL,2024-04-26,167.47425842285156,-0.003478855966559135,1.3264769110130392
AMZN,2024-04-26,179.6199951171875,0.03368654484295438,1.962304051021993
GOOGL,2024-04-26,170.43869018554688,0.09734774793577144,1.8125189155108024
MSFT,2024-04-26,399.3129577636719,0.018079504410441302,1.6517702317974883
NVDA,2024-04-26,87.58345031738281,0.05992398024707898,5.270366451204229
AAPL,2024-04-29,171.62893676757813,0.024505143621875617,1.358982418228516
AMZN,2024-04-29,180.9600067138672,0.007432568410519159,1.9768890101234529
GOOGL,2024-04-29,164.68968200683594,-0.034312655676331294,1.7503265780560426
MSFT,2024-04-29,395.3131408691406,-0.010067252215850198,1.6351414442713497
NVDA,2024-04-29,87.60540771484375,2.5067116507915624e-4,5.271687580102946
AAPL,2024-04-30,168.49314880371094,-0.018439712972100297,1.3339231725022511
AMZN,2024-04-30,175,-0.03349007554568368,1.9106828478289866
GOOGL,2024-04-30,161.34927368164063,-0.02049157104571225,1.714459636628609
MSFT,2024-04-30,382.6159362792969,-0.032646503801145574,1.5817597928955345
NVDA,2024-04-30,86.25273895263672,-0.015560916561760646,5.189655289529295
AAPL,2024-05-01,167.47425842285156,-0.0060654306497753075,1.3258323540073105
AMZN,2024-05-01,179,0.022599831917240992,1.9538639590370768
GOOGL,2024-05-01,162.41976928710938,0.006612735402743619,1.725796904564318
MSFT,2024-05-01,388.1291809082031,0.014306515971520061,1.6043892646357027
NVDA,2024-05-01,82.89754486083984,-0.03967636534857511,4.983748630228765
AAPL,2024-05-02,171.16404724121094,0.021792778824069485,1.3547259252559873
AMZN,2024-05-02,184.72000122070313,0.031455365813882176,2.015323464619148
GOOGL,2024-05-02,165.155517578125,0.016703408391557234,1.754623595062141
MSFT,2024-05-02,390.9791564941406,0.007316025669355722,1.616127017679416
NVDA,2024-05-02,85.66874694824219,0.03288263334350458,5.14762740911277
AAPL,2024-05-03,181.4023895263672,0.058095273065044535,1.433429097812029
AMZN,2024-05-03,186.2100067138672,0.008033933494385928,2.0315144393035736
GOOGL,2024-05-03,165.7700653076172,0.0037141186280631937,1.7611404752418005
MSFT,2024-05-03,399.6470947265625,0.021927644135855334,1.6515648758014316
NVDA,2024-05-03,88.63561248779297,0.034045644292085196,5.322881700831612
AAPL,2024-05-06,179.75042724609375,-0.009148336797510708,1.4203156056498927
AMZN,2024-05-06,188.6999969482422,0.013283331052944075,2.058499718139679
GOOGL,2024-05-06,166.62252807617188,0.005129263735114448,1.7701738292139002
MSFT,2024-05-06,406.408447265625,0.016776787141644815,1.6792728281733693
NVDA,2024-05-06,91.98082733154297,0.03704643309398271,5.5200754816286555
AAPL,2024-05-07,180.43296813964844,0.0037899676625388515,1.425698555865905
AMZN,2024-05-07,188.75999450683594,3.1790155490520083e-4,2.0591541184008477
GOOGL,2024-05-07,169.7448272705078,0.018565350204219584,1.8030377262756008
MSFT,2024-05-07,402.2807922363281,-0.010208348703026622,1.6621302255758577
NVDA,2024-05-07,90.39756774902344,-0.017362795155839227,5.424231541796367
AAPL,2024-05-08,180.7693328857422,0.0018624734248419107,1.4283538815380405
AMZN,2024-05-08,188,-0.004034374926922967,2.0508467186549013
GOOGL,2024-05-08,167.89126586914063,-0.01097975044920314,1.7832408219905957
MSFT,2024-05-08,403.46014404296875,0.0029273742855689374,1.6669959028574752
NVDA,2024-05-08,90.25581359863281,-0.0015693498613369844,5.415719024778388
AAPL,2024-05-09,182.57960510253906,0.009964455684642123,1.442586650492613
AMZN,2024-05-09,189.5,0.00794706169253194,2.0671449240499786
GOOGL,2024-05-09,168.46620178222656,0.00341860388611526,1.7893370159945323
MSFT,2024-05-09,405.2095031738281,0.004326517919148839,1.6742081905023358
NVDA,2024-05-09,88.59368896484375,-0.0185873873147716,5.315054957676856
AAPL,2024-05-10,181.3215789794922,-0.00691413597846292,1.4326124102303917
AMZN,2024-05-10,187.47999572753906,-0.010716874256865036,2.044991591828218
GOOGL,2024-05-10,167.1676788330078,-0.00773777322908293,1.7754915319343625
MSFT,2024-05-10,407.58770751953125,0.005851917553848526,1.6840055188011334
NVDA,2024-05-10,89.72274017333984,0.012663626144815402,5.382362826600023
AAPL,2024-05-13,184.52105712890625,0.017491453465601575,1.45767088353818
AMZN,2024-05-13,186.57000732421875,-0.004865607224493341,2.0350414659649907
GOOGL,2024-05-13,167.65335083007813,0.0029010862202361585,1.7806423859518032
MSFT,2024-05-13,406.5852966308594,-0.0024624039118618284,1.6798588170240405
NVDA,2024-05-13,90.24284362792969,0.005780048513865186,5.413473144856996
AAPL,2024-05-14,185.66021728515625,0.006154626562056321,1.4666423034767402
AMZN,2024-05-14,187.07000732421875,0.002676374471979152,2.040487998993918
GOOGL,2024-05-14,168.84283447265625,0.0070698489254919505,1.79323125861081
MSFT,2024-05-14,409.3763427734375,0.006841147654906537,1.6913509792306987
NVDA,2024-05-14,91.19818115234375,0.010530654288819984,5.470480559047296
AAPL,2024-05-15,187.92860412597656,0.012143911103295733,1.4844530772304945
AMZN,2024-05-15,185.99000549316406,-0.005789979151338669,2.0286736160211865
GOOGL,2024-05-15,170.9937744140625,0.012658840209779988,1.815931486572747
MSFT,2024-05-15,416.5338134765625,0.01733275668787654,1.720666754227506
NVDA,2024-05-15,94.4665298461914,0.03521063686441524,5.663099663485753
AAPL,2024-05-16,188.04747009277344,6.323060370487613e-4,1.485391705872943
AMZN,2024-05-16,183.6300048828125,-0.012770048240180699,2.002767356081014
GOOGL,2024-05-16,172.64907836914063,0.009633936771424283,1.833426055695627
MSFT,2024-05-16,414.4761962890625,-0.00495209773234246,1.7121458442957789
NVDA,2024-05-16,94.19599914550781,-0.0028678814765167406,5.646858564861175
AAPL,2024-05-17,188.07716369628906,1.5789236284889354e-4,1.4856262378791394
AMZN,2024-05-17,184.6999969482422,0.005809980560830076,2.01440339548771
GOOGL,2024-05-17,174.5125732421875,0.010735706334588358,1.853109179415758
MSFT,2024-05-17,413.708251953125,-0.001854525420428812,1.7089706263040507
NVDA,2024-05-17,92.319244384765625,-0.02012509077841976,5.533215023630446
AAPL,2024-05-20,189.23614501953125,0.0061433558877639904,1.4947529685746308
AMZN,2024-05-20,183.5399932861328,-0.006300279871404103,2.0017120903222305
GOOGL,2024-05-20,175.36500549316406,0.0048727554404502105,1.8621389272515043
MSFT,2024-05-20,418.7588806152344,0.012134270377272943,1.7297077379504415
NVDA,2024-05-20,94.61627197265625,0.024576851447850316,5.669204027295225
AAPL,2024-05-21,190.53375244140625,0.0068336773415155925,1.5049676280671425
AMZN,2024-05-21,183.14999389648438,-0.00212713491141393,1.9974541786523068
GOOGL,2024-05-21,176.2868194580078,0.005242777150042653,1.8719017066695034
MSFT,2024-05-21,422.4016418457031,0.00866132897605013,1.7446893057012498
NVDA,2024-05-21,95.221221923828125,0.006373366888694235,5.705335944528041
AAPL,2024-05-22,189.0974578857422,-0.007566824695787942,1.4935798018527227
AMZN,2024-05-22,183.1300048828125,-1.0914608364277473e-4,1.997236164351451
GOOGL,2024-05-22,174.8297576904297,-0.008299637365001875,1.8563656013212186
MSFT,2024-05-22,423.85870361328125,0.0034435341681965533,1.7506972029383194
NVDA,2024-05-22,94.78596496582031,-0.004581486905525307,5.679197022606563
AAPL,2024-05-23,185.11538696289063,-0.021283188383941463,1.461791661563441
AMZN,2024-05-23,181.0500030517578,-0.011423056748417279,1.974421622306073
GOOGL,2024-05-23,172.02462768554688,-0.016175036454240704,1.8263388200474495
MSFT,2024-05-23,420.3932189941406,-0.008209644515551878,1.7363246012478248
NVDA,2024-05-23,103.61970520019531,0.08910616695695792,6.185248500684402
AAPL,2024-05-24,188.18614196777344,0.016452245874487695,1.485841417396759
AMZN,2024-05-24,180.75,-0.001658392028660058,1.9711472572264266
GOOGL,2024-05-24,173.4519500732422,0.008262965425935933,1.841429794573546
MSFT,2024-05-24,423.5043029785156,0.007373165574004877,1.749126810023043
NVDA,2024-05-24,106.28507995605469,0.02539740123070518,6.342337738567902
AAPL,2024-05-28,188.196044921875,5.262180012126365e-5,1.485919605046837
AMZN,2024-05-28,182.14999389648438,0.007715628907514658,1.9863558979852511
GOOGL,2024-05-28,174.84954833984375,0.00802526416895612,1.8562077551235856
MSFT,2024-05-28,423.661865234375,3.71974858270075e-4,1.7497774412202975
NVDA,2024-05-28,113.70423889160156,0.06747576382551525,6.770291821917162
AAPL,2024-05-29,188.49319458007813,0.001577691575329016,1.4882639278893357
AMZN,2024-05-29,182.02000427246094,-7.138953246986688e-4,1.9849378477964918
GOOGL,2024-05-29,174.3539581298828,-0.0028384053052604562,1.850939085183777
MSFT,2024-05-29,422.5296325683594,-0.0026760688204689265,1.7450949163670881
NVDA,2024-05-29,114.62664031982422,0.008079559358867587,6.824992796569198
AAPL,2024-05-30,189.48377990722656,0.005241523489099004,1.4960646982253463
AMZN,2024-05-30,179.32000732421875,-0.014944634490046925,1.9552736771757129
GOOGL,2024-05-30,170.5972900390625,-0.021781725022486372,1.8106224389969316
MSFT,2024-05-30,408.25396728515625,-0.03437013100730726,1.6851157754713655
NVDA,2024-05-30,110.30911254882813,-0.03839370190549273,6.5629560576305845
AAPL,2024-05-31,190.4346923828125,0.005005886950369425,1.5035538289751011
AMZN,2024-05-31,176.44000244140625,-0.01619107105787046,1.9236157021309772
GOOGL,2024-05-31,170.98387145996094,0.0022634830577389605,1.8147207522115634
MSFT,2024-05-31,408.7068786621094,0.0011087714315801138,1.686984183702113
NVDA,2024-05-31,109.44359588623047,-0.007877228401429931,6.5112581537760805
AAPL,2024-06-03,192.19789123535156,0.009216211103321293,1.5174108984681427
AMZN,2024-06-03,178.33999633789063,0.010710931098535235,1.9442194173765626
GOOGL,2024-06-03,171.64794921875,0.0038763392670871566,1.821755225522159
MSFT,2024-06-03,407.1217346191406,-0.0038859780397782692,1.680428600210793
NVDA,2024-06-03,114.80133819580078,0.0477938300933433,6.822456119671552
AAPL,2024-06-04,192.51487731933594,0.0016479107616284917,1.5199114562175409
AMZN,2024-06-04,179.33999633789063,0.0055916049316681584,1.9550907242590103
GOOGL,2024-06-04,172.2625274658203,0.003574063269079998,1.828266293958952
MSFT,2024-06-04,409.63226318359375,0.006147595182606398,1.690759194978163
NVDA,2024-06-04,116.23584747314453,0.012418154314414816,6.907178432568957
AAPL,2024-06-05,194.0205078125,0.007790428332796055,1.5317522174893994
AMZN,2024-06-05,181.27999877929688,0.010759365441920877,1.9761262598334228
GOOGL,2024-06-05,173.86827087402344,0.009278312911591969,1.8452295207200196
MSFT,2024-06-05,417.449462890625,0.018903651834202652,1.7227207181355073
NVDA,2024-06-05,122.22848510742188,0.05027082703563618,7.2544080048569075
AAPL,2024-06-06,192.6436309814453,-0.007121853374016589,1.520843302791115
AMZN,2024-06-06,185,0.02031303453242799,2.016267380789857
GOOGL,2024-06-06,175.17665100097656,0.007496950524101597,1.8590631151424692
MSFT,2024-06-06,417.95159912109375,0.0012021442484917153,1.7247916769385714
NVDA,2024-06-06,120.78897857666016,-0.011847077535230635,7.16846447075117
AAPL,2024-06-07,195.03089904785156,0.012315992190391025,1.5395739970310989
AMZN,2024-06-07,184.3000030517578,-0.0037909438439048654,2.0086238243749857
GOOGL,2024-06-07,172.92662048339844,-0.012927553617230705,1.8350299770436491
MSFT,2024-06-07,417.29193115234375,-0.0015795826773886928,1.722067225883575
NVDA,2024-06-07,120.67916870117188,-9.095185787110731e-4,7.161944619134192
AAPL,2024-06-10,191.29649353027344,-0.019333456078404195,1.5098087107800449
AMZN,2024-06-10,187.05999755859375,0.014864526720524128,2.0384810668838886
GOOGL,2024-06-10,173.67086791992188,0.00429459880874402,1.8429106945970701
MSFT,2024-06-10,421.2497253417969,0.009439778092080206,1.7383231583555603
NVDA,2024-06-10,121.5796127319336,0.00743377120984094,7.215184876850387
AAPL,2024-06-11,205.19398498535156,0.07013125334203683,1.6156934879737743
AMZN,2024-06-11,187.22999572753906,9.083768397987709e-4,2.0403327758734147
GOOGL,2024-06-11,175.2685546875,0.009157451575105263,1.859787060040086
MSFT,2024-06-11,425.9853210449219,0.011179058375908662,1.757755974419011
NVDA,2024-06-11,120.71104431152344,-0.007169670937182708,7.1634543755324325
AAPL,2024-06-12,211.05813598632813,0.02817782159720488,1.661220210833665
AMZN,2024-06-12,186.88999938964844,-0.0018175795783648761,2.0366243086869185
GOOGL,2024-06-12,176.4296112060547,0.006602597619780856,1.8720664856560059
MSFT,2024-06-12,434.2356872558594,0.019182556856227963,1.791474228337678
NVDA,2024-06-12,124.99398040771484,0.03486595332030631,7.413215041401891
AAPL,2024-06-13,212.21707153320313,0.005476051620231396,1.6703171384607618
AMZN,2024-06-13,183.8300018310547,-0.016508777761010902,2.0030021305921335
GOOGL,2024-06-13,173.8197479248047,-0.014903162664983371,1.8441667743006107
MSFT,2024-06-13,434.7476501464844,0.0011783032604272474,1.7935851282619
NVDA,2024-06-13,129.396728515625,0.03461752039241169,7.669842164270954
AAPL,2024-06-14,210.4835968017578,-0.008201947993671077,1.6566172841581692
AMZN,2024-06-14,183.66000366210938,-9.25185330377967e-4,2.001148982404194
GOOGL,2024-06-14,175.43724060058594,0.009262544735078891,1.8612484515465164
MSFT,2024-06-14,435.7223205566406,0.0022394128465970113,1.797601705839595
NVDA,2024-06-14,131.66299438476563,0.017362485298583974,7.803009686090567
AAPL,2024-06-17,214.62413024902344,0.01948054163400817,1.6888890861338302
AMZN,2024-06-17,184.05999755859375,0.002175536021534634,2.005502554099871
GOOGL,2024-06-17,175.8838348388672,0.0025423722631796796,1.8659804379846143
MSFT,2024-06-17,441.43255615234375,0.013020086680151888,1.8210066358660157
NVDA,2024-06-17,130.7644805908203,-0.006847738066163694,7.749576719632481
AAPL,2024-06-18,212.26658630371094,-0.011045299520206778,1.6702348003210736
AMZN,2024-06-18,182.80999755859375,-0.006814429382413544,1.9918361985687079
GOOGL,2024-06-18,173.75027465820313,-0.012204682587997867,1.8432067390235989
MSFT,2024-06-18,439.4339599609375,-0.0045378035931217964,1.812743265410684
NVDA,2024-06-18,135.35691833496094,0.03451728213153884,8.017071045664041
AAPL,2024-06-20,207.7001190185547,-0.02174766335468585,1.6339110961604102
AMZN,2024-06-20,186.10000610351563,0.017836847681061675,2.027364277448203
GOOGL,2024-06-20,174.9510040283203,0.00688689253132656,1.8559007057482713
MSFT,2024-06-20,438.8038635253906,-0.001434910970147119,1.810142140213086
NVDA,2024-06-20,130.5648193359375,-0.03604532582038765,7.728093107697885
AAPL,2024-06-21,205.53082275390625,-0.010499292153822693,1.6167561862084492
AMZN,2024-06-21,189.0800018310547,0.015886019163884733,2.0595710252119206
GOOGL,2024-06-21,178.25555419921875,0.01871226067025001,1.890628803532334
MSFT,2024-06-21,442.8207702636719,0.00911257326745919,1.8266371930902934
NVDA,2024-06-21,126.36174011230469,-0.03272105643216114,7.475221737007907
AAPL,2024-06-24,206.17466735839844,0.003127697564506877,1.621812910594455
AMZN,2024-06-24,185.57000732421875,-0.018738006784044702,2.0209787693692776
GOOGL,2024-06-24,177.84864807128906,-0.0022853215571779,1.886308108771
MSFT,2024-06-24,440.7434387207031,-0.0047021718385610286,1.818048031121676
NVDA,2024-06-24,117.91564178466797,-0.06917927823549049,6.95809129259145
AAPL,2024-06-25,207.0959014892578,0.004458268873637768,1.629043388612622
AMZN,2024-06-25,186.33999633789063,0.004140733544431204,2.0293471039521886
GOOGL,2024-06-25,182.6218719482422,0.02648484479155085,1.936266686260844
MSFT,2024-06-25,443.9726257324219,0.007299972232050157,1.8313197312653977
NVDA,2024-06-25,125.88251495361328,0.06537958230075966,7.413008394911632
AAPL,2024-06-26,211.2364044189453,0.019795928188790595,1.6612918145500215
AMZN,2024-06-26,193.61000061035156,0.03827288718411035,2.1070160767191513
GOOGL,2024-06-26,182.4730224609375,-8.154016823096239e-4,1.9346878511474668
MSFT,2024-06-26,445.1639099121094,0.002679644452261746,1.8362270170236004
NVDA,2024-06-26,126.1920166015625,0.002455637240051837,7.431212054386995
AAPL,2024-06-27,212.0784149169922,0.0039781815804793,1.6679007350464656
AMZN,2024-06-27,197.85000610351563,0.02166336912708652,2.152661143745824
GOOGL,2024-06-27,183.99130249023438,0.00828614745302582,1.9507189599576524
MSFT,2024-06-27,445.84326171875,0.0015249079017873265,1.839027094111335
NVDA,2024-06-27,123.78598022460938,-0.019250579734400943,7.288156914210776
AAPL,2024-06-28,208.63124084472656,-0.016387792257149467,1.6405675242949773
AMZN,2024-06-28,193.25,-0.02352451121310858,2.102020842531752
GOOGL,2024-06-28,180.75625610351563,-0.017739015062726248,1.916115126943818
MSFT,2024-06-28,440.0345458984375,-0.013114221893965735,1.814909684730144
NVDA,2024-06-28,123.33672332763672,-0.003635905446475806,7.261657864791627
AAPL,2024-07-01,214.70338439941406,0.028689172439121266,1.687634048897498
AMZN,2024-07-01,197.1999969482422,0.020233739225558187,2.144552584106228
GOOGL,2024-07-01,181.58982849121094,0.0046009817333644894,1.9249311376419098
MSFT,2024-07-01,449.6632080078125,0.021645638668184367,1.8541945639812012
NVDA,2024-07-01,124.095458984375,0.006132896923952492,7.306192863973402
AAPL,2024-07-02,218.1901397705078,0.01610941527661591,1.7148208466261445
AMZN,2024-07-02,200,0.01409893985494711,2.174788502005313
GOOGL,2024-07-02,183.82260131835938,0.012220715185822826,1.9484551728273538
MSFT,2024-07-02,452.1737365722656,0.005567603023349334,1.864517983241501
NVDA,2024-07-02,122.46813201904297,-0.01320025059925063,7.209749287242497
AAPL,2024-07-03,219.45803833007813,0.005794161475827847,1.7247567955136123
AMZN,2024-07-03,197.58999633789063,-0.012123208336190894,2.14842308790835
GOOGL,2024-07-03,184.39816284179688,0.003126178902467996,1.954546392281051
MSFT,2024-07-03,453.64068603515625,0.0032389653084472334,1.8705570923061963
NVDA,2024-07-03,128.06893920898438,0.04471785714616369,7.532153825929062
AAPL,2024-07-05,224.20281982421875,0.021390042929249363,1.7616494174121629
AMZN,2024-07-05,200,0.012123208336190851,2.1744688685973457
GOOGL,2024-07-05,189.1416015625,0.025398600978995246,2.0041891361935322
MSFT,2024-07-05,460.32562255859375,0.014628669949282013,1.897920854630832
NVDA,2024-07-05,125.6229476928711,-0.019283764596850154,7.386905544642582
AAPL,2024-07-08,225.6688690185547,0.006517655680434175,1.7731312417444929
AMZN,2024-07-08,199.2899932861328,-0.0035563498917093785,2.166735696471984
GOOGL,2024-07-08,187.58360290527344,-0.008271320958866972,1.987611844585801
MSFT,2024-07-08,459.02606201171875,-0.002827125754512401,1.892555193702679
NVDA,2024-07-08,127.98904418945313,0.018659726079764054,7.524743178682703
AAPL,2024-07-09,226.5207061767578,0.003767615232978219,1.779811718020959
AMZN,2024-07-09,199.33999633789063,2.508745118109151e-4,2.1672792752320595
GOOGL,2024-07-09,187.53396606445313,-2.646468479007978e-4,1.9870858293762812
MSFT,2024-07-09,452.42974853515625,-0.014474489199425473,1.865161423992113
NVDA,2024-07-09,131.163818359375,0.024502395790775577,7.709117414270725
AAPL,2024-07-10,230.78012084960938,0.01862904067993902,1.8129679029186037
AMZN,2024-07-10,199.7899932861328,0.0022548901390979956,2.1721662518984517
GOOGL,2024-07-10,189.71713256835938,0.011574205528284203,2.010084769167823
MSFT,2024-07-10,459.035888671875,0.014495896600416882,1.8921986111373892
NVDA,2024-07-10,134.68800354003906,0.026513955094146925,7.913516607208205
AAPL,2024-07-11,225.42123413085938,-0.023494595818238963,1.7703729548080906
AMZN,2024-07-11,195.0500030517578,-0.02401082970854252,2.1200107379254747
GOOGL,2024-07-11,184.1500701904297,-0.02978316282639449,1.9502180871928423
MSFT,2024-07-11,447.6646423339844,-0.02508400995096273,1.844734682346421
NVDA,2024-07-11,127.19036102294922,-0.05727614895816841,7.460260851230808
AAPL,2024-07-12,228.36314392089844,0.012966294784705276,1.7933281324190022
AMZN,2024-07-12,194.49000549316406,-0.0028751754997392003,2.1139153349926074
GOOGL,2024-07-12,183.6539306640625,-0.0026978489964177978,1.9449566932835134
MSFT,2024-07-12,446.5323486328125,-0.002532538842778342,1.8400628201087583
NVDA,2024-07-12,129.02731323242188,0.014339242520580628,7.5672353408434
AAPL,2024-07-15,232.1867218017578,0.0166047849223631,1.8231059603530428
AMZN,2024-07-15,192.72000122070313,-0.009142411458262565,2.094589051212174
GOOGL,2024-07-15,185.10272216796875,0.00785775088973817,1.9602396784706642
MSFT,2024-07-15,446.9360656738281,9.037075335332651e-4,1.841725698741465
NVDA,2024-07-15,128.2286376953125,-0.0062092099347597915,7.520248787986369
AAPL,2024-07-16,232.6027374267578,0.0017901255195662872,1.8263695488575442
AMZN,2024-07-16,193.02000427246094,0.0015554679731073517,2.0978471173981563
GOOGL,2024-07-16,182.5126953125,-0.014091191984028563,1.9326175648266237
MSFT,2024-07-16,442.5647277832031,-0.009828823344722048,1.8236237021991002
NVDA,2024-07-16,126.15206909179688,-0.01632682570903896,7.397466996736305
AAPL,2024-07-17,226.71885681152344,-0.02562127519447714,1.7795756320394522
AMZN,2024-07-17,187.92999267578125,-0.026724318518412248,2.0417835828298747
GOOGL,2024-07-17,179.6348876953125,-0.015893344754637356,1.9019018075899665
MSFT,2024-07-17,436.6575927734375,-0.013437383823618768,1.7991189705628023
NVDA,2024-07-17,117.79584503173828,-0.06853507757202562,6.8904810222784825
AAPL,2024-07-18,222.06320190429688,-0.02074869902006559,1.7426517528668226
AMZN,2024-07-18,183.75,-0.022493376002440963,1.9958569769856713
GOOGL,2024-07-18,176.33035278320313,-0.01856714908811672,1.8665889131774849
MSFT,2024-07-18,433.556396484375,-0.0071274639477717176,1.7862958149623636
NVDA,2024-07-18,120.89073944091797,0.025934158619742128,7.0691798500765755
AAPL,2024-07-19,222.19198608398438,5.797757089935396e-4,1.7436621000223698
AMZN,2024-07-19,183.1300048828125,-0.0033798282769946274,1.989111323138018
GOOGL,2024-07-19,176.3006134033203,-1.6867140327995344e-4,1.8662740730061524
MSFT,2024-07-19,430.3467712402344,-0.007430555024757053,1.7730226456187925
NVDA,2024-07-19,117.73595428466797,-0.026442716262785885,6.882251533090397
AAPL,2024-07-22,221.8452911376953,-0.0015615581597498796,1.7409392702422333
AMZN,2024-07-22,182.5500030517578,-0.003172184996925187,1.9828014940415457
GOOGL,2024-07-22,180.27992248535156,0.02232019914100013,1.907929681967335
MSFT,2024-07-22,436.08660888671875,0.01324953942697901,1.7965143790668452
NVDA,2024-07-22,123.33672332763672,0.04647376145775398,7.202095649131501
AAPL,2024-07-23,222.8853759765625,0.004677378071774107,1.7490823014091548
AMZN,2024-07-23,186.41000366210938,0.02092444370758336,2.02429051228693
GOOGL,2024-07-23,180.39898681640625,6.602234414546414e-4,1.9091893418680168
MSFT,2024-07-23,437.9670715332031,0.004302860544940284,1.8042445299069496
NVDA,2024-07-23,122.38827514648438,-0.007719628829657831,7.1464981439245125
AAPL,2024-07-24,216.47645568847656,-0.029175838416397946,1.6980513588062598
AMZN,2024-07-24,180.8300018310547,-0.03039119500388669,1.9627699045835003
GOOGL,2024-07-24,171.30909729003906,-0.051701480020039985,1.8104814272549543
MSFT,2024-07-24,422.2637939453125,-0.03651350552679839,1.7383652372924965
NVDA,2024-07-24,114.06201171875,-0.07045631125732497,6.642982246296272
AAPL,2024-07-25,215.43638610839844,-0.0048161179284111726,1.68987334321375
AMZN,2024-07-25,179.85000610351563,-0.005434169444389781,1.9521038803416448
GOOGL,2024-07-25,166.0000457763672,-0.031481447157919853,1.753484851872432
MSFT,2024-07-25,411.9262390136719,-0.024785921074359035,1.6952782537225553
NVDA,2024-07-25,112.09525299072266,-0.017393279966537282,6.5274389962737045
AAPL,2024-07-26,215.90194702148438,0.002158681749877884,1.6935212419593508
AMZN,2024-07-26,182.5,0.014626968944213104,1.98065724317528
GOOGL,2024-07-26,165.72218322753906,-0.0016752728006712047,1.750547286393701
MSFT,2024-07-26,418.6899719238281,0.016286420432671662,1.722888268113046
NVDA,2024-07-26,112.87395477294922,0.0069227686747653306,6.572626946483549
AAPL,2024-07-29,216.17929077148438,0.0012837576077404757,1.6956953127375862
AMZN,2024-07-29,183.1999969482422,0.0038282625594168156,1.9882397191423655
GOOGL,2024-07-29,168.23280334472656,0.015035963037417195,1.776868450687168
MSFT,2024-07-29,420.12738037109375,0.003427229659244404,1.7287930018850872
NVDA,2024-07-29,111.4063720703125,-0.013087225883588452,6.486609492986359
AAPL,2024-07-30,216.73402404785156,0.0025627928779154486,1.7000410286081848
AMZN,2024-07-30,181.7100067138672,-0.008166388972744573,1.9720029802247887
GOOGL,2024-07-30,168.9869842529297,0.004472941347816109,1.7848162790498765
MSFT,2024-07-30,416.3763732910156,-0.008968357177585814,1.713288568758071
NVDA,2024-07-30,103.55931091308594,-0.07304002489636705,6.012827374125624
AAPL,2024-07-31,219.9830322265625,0.014879511005898849,1.7253368078038398
AMZN,2024-07-31,186.97999572753906,0.02858958980412218,2.0283817365219217
GOOGL,2024-07-31,170.2274169921875,0.007313594374474799,1.7978697013478069
MSFT,2024-07-31,411.8770446777344,-0.010864725154938911,1.694674159347416
NVDA,2024-07-31,116.82743835449219,0.12055345934994535,6.737694514550516
AAPL,2024-08-01,216.29815673828125,-0.016892605995637956,1.696191372899838
AMZN,2024-08-01,184.07000732421875,-0.015685476578311947,1.9965656023018314
GOOGL,2024-08-01,169.4534149169922,-0.004557239279071911,1.7896763789261714
MSFT,2024-08-01,410.6561584472656,-0.002968602659269785,1.6896433451313813
NVDA,2024-08-01,109.03028869628906,-0.06907223864812435,6.272306871103324
AAPL,2024-08-02,217.78399658203125,0.006845919075009103,1.707803361774439
AMZN,2024-08-02,167.89999389648438,-0.09194763210362274,1.8129861228306345
GOOGL,2024-08-02,165.384765625,-0.0243033787077268,1.7461811961248555
MSFT,2024-08-02,402.1695861816406,-0.020882411065420478,1.6543595182443958
NVDA,2024-08-02,107.0934829711914,-0.01792359591574375,6.159884577286125
AAPL,2024-08-05,207.2940216064453,-0.049365550520730835,1.6234967086392889
AMZN,2024-08-05,161.02000427246094,-0.041839920325843556,1.7371309278995408
GOOGL,2024-08-05,158.03147888183594,-0.04548042547802752,1.666764132363366
MSFT,2024-08-05,389.03594970703125,-0.03320210078827017,1.5994313067796113
NVDA,2024-08-05,100.28470611572266,-0.06568892371723806,5.755248389181785
AAPL,2024-08-06,205.27328491210938,-0.009795991208140455,1.6075929491550134
AMZN,2024-08-06,161.92999267578125,0.005635490449044775,1.746920512652459
GOOGL,2024-08-06,157.07882690429688,-0.006046485071773169,1.656686067918864
MSFT,2024-08-06,393.4269714355469,0.011223708383149535,1.6173828573457854
NVDA,2024-08-06,104.07846069335938,0.03713184250330245,5.968951365936269
AAPL,2024-08-07,207.8388214111328,0.012420693765956595,1.6275603688767788
AMZN,2024-08-07,162.77000427246094,0.005174089797253657,1.755959236253587
GOOGL,2024-08-07,157.7238311767578,0.004097838175721703,1.663474899333168
MSFT,2024-08-07,392.2652587890625,-0.002957171901107422,1.6125999782067095
NVDA,2024-08-07,98.74723815917969,-0.05258160906433192,5.655094298688598
AAPL,2024-08-08,211.2958526611328,0.01649641445012635,1.6544092792643705
AMZN,2024-08-08,165.8000030517578,0.0184440734555928,1.7883462773920749
GOOGL,2024-08-08,160.79019165039063,0.019254757969485375,1.6955047059081423
MSFT,2024-08-08,396.4593200683594,0.010635146723951711,1.629750215581979
NVDA,2024-08-08,104.7972640991211,0.05946423023994689,5.991370128094427
AAPL,2024-08-09,214.1981964111328,0.013642441160440786,1.676979460512022
AMZN,2024-08-09,166.94000244140625,0.0068522199395901024,1.8006004194129128
GOOGL,2024-08-09,162.41766357421875,0.010070829978704005,1.7125798455294357
MSFT,2024-08-09,399.73779296875,0.00823537633058902,1.6431718219321554
NVDA,2024-08-09,104.57763671875,-0.0020979349489128204,5.978800623310826
AAPL,2024-08-12,215.7254180908203,0.007104648603491133,1.6888938102942321
AMZN,2024-08-12,166.8000030517578,-8.389728264874979e-4,1.7990897645896633
GOOGL,2024-08-12,161.04820251464844,-0.0084674729883069,1.6980786219470965
MSFT,2024-08-12,400.5155944824219,0.0019438887002344212,1.6463659650693527
NVDA,2024-08-12,108.84060668945313,0.03995475736717387,6.217682151561918
AAPL,2024-08-13,219.43438720703125,0.017046882034187326,1.717684183846587
AMZN,2024-08-13,170.22999572753906,0.020354930507755713,1.8357101117251005
GOOGL,2024-08-13,162.9038848876953,0.011456648945538208,1.7175329126006673
MSFT,2024-08-13,407.6042175292969,0.017543945236481902,1.675249719399737
NVDA,2024-08-13,115.94890594482422,0.06326514003980997,6.611044683603509
AAPL,2024-08-14,219.8806610107422,0.0020316807222032765,1.7211739696897415
AMZN,2024-08-14,170.10000610351563,-7.639034445704183e-4,1.834307806447521
GOOGL,2024-08-14,159.14288330078125,-0.023357927821864508,1.6774149027964642
MSFT,2024-08-14,410.4100646972656,0.006860169151006158,1.686742215844995
NVDA,2024-08-14,117.88570404052734,0.01656591715415918,6.720562702134529
AAPL,2024-08-15,222.85577392578125,0.013439859306690529,1.7443063056847095
AMZN,2024-08-15,177.58999633789063,0.043090966761615855,1.9133499031657237
GOOGL,2024-08-15,160.06581115722656,0.005782614598252062,1.6871147467007006
MSFT,2024-08-15,415.2626953125,0.011754503051246356,1.7065690323678107
NVDA,2024-08-15,122.6578369140625,0.03968311999718832,6.987255598291962
AAPL,2024-08-16,224.17474365234375,0.0059010447929713754,1.754599535327217
AMZN,2024-08-16,177.05999755859375,-0.002988857651035908,1.907631172668538
GOOGL,2024-08-16,161.7130889892578,0.010238659039606853,1.7043885393528617
MSFT,2024-08-16,412.7377624511719,-0.00609888717859512,1.6961608603769154
NVDA,2024-08-16,124.37499237060547,0.013902468905711805,7.084395701983477
AAPL,2024-08-19,224.0160675048828,-7.080741065656954e-4,1.7533571488288597
AMZN,2024-08-19,178.22000122070313,0.006530104639669463,1.920088203839959
GOOGL,2024-08-19,165.3946990966797,0.0225110236464204,1.7427560700649218
MSFT,2024-08-19,415.7558898925781,0.007285851337431452,1.7085188362499912
NVDA,2024-08-19,129.7860870361328,0.04258647668495075,7.386095154372962
AAPL,2024-08-20,224.6309051513672,0.002740854475165775,1.758162845616791
AMZN,2024-08-20,178.8800048828125,0.0036964682293246748,1.9271857488829542
GOOGL,2024-08-20,165.90077209472656,0.0030551180784731406,1.748080395640946
MSFT,2024-08-20,418.9810485839844,0.00772740390732754,1.7217212513809723
NVDA,2024-08-20,127.04061126708984,-0.021380801723366795,7.2281745183673936
AAPL,2024-08-21,224.52183532714844,-4.8566920128971085e-4,1.7573089600718232
AMZN,2024-08-21,180.11000061035156,0.006852561474421805,1.9403919076998042
GOOGL,2024-08-21,164.5809783935547,-0.00798713221222423,1.7341182464033646
MSFT,2024-08-21,418.3301086425781,-0.0015548343454544807,1.7190442600460263
NVDA,2024-08-21,128.28857421875,0.009775403364560894,7.298832839873875
AAPL,2024-08-22,222.66732788085938,-0.008294110100015144,1.7427336460772445
AMZN,2024-08-22,176.1300048828125,-0.02234539227075752,1.8970330893632485
GOOGL,2024-08-22,162.5466766357422,-0.012437517590618778,1.71255012020951
MSFT,2024-08-22,409.8577575683594,-0.020460687700786948,1.6838714322973942
NVDA,2024-08-22,123.536376953125,-0.037746549538671466,7.023327084509094
AAPL,2024-08-23,224.95819091796875,0.01023571240678439,1.760571766480118
AMZN,2024-08-23,177.0399932861328,0.005153271352930898,1.9068090156382262
GOOGL,2024-08-23,164.3527374267578,0.011049754692199163,1.7314733789359213
MSFT,2024-08-23,411.0807800292969,0.0029795735240660307,1.688888651034999
NVDA,2024-08-23,129.15713500976563,0.044494101005274525,7.335823709200322
AAPL,2024-08-26,225.2953643798828,0.0014977051084814788,1.7632085838086233
AMZN,2024-08-26,175.5,-0.008736614913990125,1.8901499595540705
GOOGL,2024-08-26,164.88861083984375,0.003255204056836299,1.7371096781033377
MSFT,2024-08-26,407.82598876953125,-0.007949154953148742,1.6754634134493074
NVDA,2024-08-26,126.25190734863281,-0.02275058817634556,7.168929405058034
AAPL,2024-08-27,226.13832092285156,0.0037345796299424225,1.7697934266690547
AMZN,2024-08-27,173.1199951171875,-0.013654075452589952,1.8643417093896095
GOOGL,2024-08-27,163.41989135742188,-0.008947250957960546,1.721567321871845
MSFT,2024-08-27,408.171142578125,8.459682415995962e-4,1.6768808022870474
NVDA,2024-08-27,128.08889770507813,0.014445360424479387,7.272487174171746
AAPL,2024-08-28,224.611083984375,-0.0067764605615675735,1.7578004913111103
AMZN,2024-08-28,170.8000030517578,-0.013491668231426824,1.8391886295765139
GOOGL,2024-08-28,161.6039276123047,-0.011174458827219892,1.702329738715301
MSFT,2024-08-28,404.9755859375,-0.007859769901952382,1.66370090502807
NVDA,2024-08-28,125.4033203125,-0.0211894305583486,7.118387312208153
AAPL,2024-08-29,227.8837127685547,0.014465076154571611,1.783227209282469
AMZN,2024-08-29,172.1199951171875,0.007698580379841969,1.853347771075
GOOGL,2024-08-29,160.5421142578125,-0.006592148042808419,1.6911077290600143
MSFT,2024-08-29,407.4610595703125,0.006118585124450875,1.6738804006371102
NVDA,2024-08-29,117.39649963378906,-0.06597801439574134,6.6487302516488205
AAPL,2024-08-30,227.1002655029297,-0.0034438489149200605,1.7770860441927256
AMZN,2024-08-30,178.5,0.036396721617948,1.920803553960061
GOOGL,2024-08-30,162.1298828125,0.009841457481686706,1.7077506938725102
MSFT,2024-08-30,411.4259948730469,0.009683792815548002,1.6900899116348864
NVDA,2024-08-30,119.17356872558594,0.015023899940555339,6.748620109681336
AAPL,2024-09-03,220.92196655273438,-0.027582071567890304,1.7280703297395028
AMZN,2024-09-03,176.25,-0.012685159527315687,1.896437854457443
GOOGL,2024-09-03,156.15594482421875,-0.037542605517121005,1.643637283250865
MSFT,2024-09-03,403.83148193359375,-0.018631494579707527,1.6586010106070428
NVDA,2024-09-03,107.82229614257813,-0.10009652529459025,6.073106686169038
AAPL,2024-09-04,219.0178680419922,-0.008656230923225382,1.7131117539137035
AMZN,2024-09-04,173.3300018310547,-0.016706139175178974,1.864755699723799
GOOGL,2024-09-04,155.2528839111328,-0.0057998576868127216,1.6341044209192706
MSFT,2024-09-04,403.29888916015625,-0.0013197195144952496,1.656412122486583
NVDA,2024-09-04,106.03524017333984,-0.016712972542849664,5.971607020873298
AAPL,2024-09-05,220.53517150878906,0.006903874422102248,1.724938862333751
AMZN,2024-09-05,177.88999938964844,0.025968075788917713,1.913179817062043
GOOGL,2024-09-05,156.036865234375,0.00503699837819323,1.6423354022372394
MSFT,2024-09-05,402.79583740234375,-0.0012481208635676515,1.6543447199578414
NVDA,2024-09-05,107.0335922241211,0.009371237884192888,6.027568370816818
AAPL,2024-09-06,218.98812866210938,-0.007039668818308199,1.7127958640110919
AMZN,2024-09-06,171.38999938964844,-0.03722372046282126,1.841964146356614
GOOGL,2024-09-06,149.7652130126953,-0.04102347370036303,1.5749610990563847
MSFT,2024-09-06,396.1974792480469,-0.016517054713684597,1.6270198177030024
NVDA,2024-09-06,102.66080474853516,-0.041712335140775256,5.776144418849371
AAPL,2024-09-09,219.07737731933594,4.074671812445931e-4,1.713493772113848
AMZN,2024-09-09,175.39999389648438,0.023127387297091972,1.8845639645567611
GOOGL,2024-09-09,147.76795959472656,-0.013425618396262008,1.5538162723514963
MSFT,2024-09-09,400.1624450683594,0.009957805415179592,1.64322136445433
NVDA,2024-09-09,106.2947998046875,0.034785968087533384,5.977073194272449
AAPL,2024-09-10,218.28402709960938,-0.0036278971205946685,1.7072773929918392
AMZN,2024-09-10,179.5500030517578,0.02338469252840609,1.9286339134180348
GOOGL,2024-09-10,147.71826171875,-3.3638033086121034e-4,1.5532935991197052
MSFT,2024-09-10,408.5262756347656,0.020685657133350063,1.677212478193628
NVDA,2024-09-10,107.922119140625,0.015193483766764892,6.067885758822392
AAPL,2024-09-11,220.81285095214844,0.011518423099751787,1.7269425363529605
AMZN,2024-09-11,184.52000427246094,0.02730414417528586,1.9812936118513467
GOOGL,2024-09-11,150.20242309570313,0.016677049152428715,1.5791979528203772
MSFT,2024-09-11,417.2451477050781,0.021117698776630306,1.7126313460925267
NVDA,2024-09-11,116.71763610839844,0.07834780341527936,6.543291279400982
AAPL,2024-09-12,220.92196655273438,4.940321590296814e-4,1.7277957015027152
AMZN,2024-09-12,187,0.013350735010507195,2.0077453378411847
GOOGL,2024-09-12,153.71005249023438,0.023084180064210175,1.6156524427203147
MSFT,2024-09-12,421.15093994140625,0.009317363356178315,1.7285885546392514
NVDA,2024-09-12,118.9541244506836,0.01898025862632482,6.667484640151389
AAPL,2024-09-13,220.65419006347656,-0.00121282147176284,1.7257001937771133
AMZN,2024-09-13,186.49000549316406,-0.002730969055689944,2.0022622474518346
GOOGL,2024-09-13,156.46250915527344,0.017748371442787382,1.6443276423961615
MSFT,2024-09-13,424.6917724609375,0.008372367937755832,1.743060934031685
NVDA,2024-09-13,118.91419219970703,-3.3575090549263324e-4,6.665246026146099
AAPL,2024-09-16,214.5254669189453,-0.02816826695714237,1.6770902100308072
AMZN,2024-09-16,184.88999938964844,-0.008616597457795744,1.9850095596606008
GOOGL,2024-09-16,157.0587158203125,0.0038032983812606043,1.650581511056749
MSFT,2024-09-16,425.4314270019531,0.0017401118523098346,1.7460940550222919
NVDA,2024-09-16,116.59781646728516,-0.019671612015246646,6.534129892333588
AAPL,2024-09-17,214.9915313720703,0.002170180169340677,1.6807297979468117
AMZN,2024-09-17,186.8800048828125,0.010705675426824473,2.0062604277254708
GOOGL,2024-09-17,158.31072998046875,0.00794002560797206,1.6636871705225846
MSFT,2024-09-17,429.18927001953125,0.008794234095872102,1.7614496148955687
NVDA,2024-09-17,115.40967559814453,-0.010242352481371893,6.467205030817239
AAPL,2024-09-18,218.8591766357422,0.01782985553932363,1.71069696744484
AMZN,2024-09-18,186.42999267578125,-0.002410931547252041,2.001423471168264
GOOGL,2024-09-18,158.797607421875,0.0030707349291113207,1.6687959128282226
MSFT,2024-09-18,424.90875244140625,-0.010023564754370362,1.743793610619102
NVDA,2024-09-18,113.19313049316406,-0.01939271532567682,6.3417883647018165
AAPL,2024-09-19,226.97132873535156,0.03639521044952233,1.7729581435903548
AMZN,2024-09-19,189.8699951171875,0.018283807518041345,2.0380171126771947
GOOGL,2024-09-19,161.11285400390625,0.014474593888512246,1.6929510559492202
MSFT,2024-09-19,432.6808166503906,0.018125866448610913,1.775401380719125
NVDA,2024-09-19,117.68611907958984,0.0389255933202048,6.588646239509006
AAPL,2024-09-20,226.30690002441406,-0.0029316615917446883,1.7677604302970198
AMZN,2024-09-20,191.60000610351563,0.009070295653554553,2.056502530436181
GOOGL,2024-09-20,162.5536651611328,0.00890311842047202,1.7080235996803992
MSFT,2024-09-20,429.3076171875,-0.007826593836746828,1.7615060352150367
NVDA,2024-09-20,115.81903839111328,-0.01599211341050726,6.483279861625066
AAPL,2024-09-23,224.59124755859375,-0.007609970254689737,1.7543078260050418
AMZN,2024-09-23,193.8800048828125,0.011829538769620484,2.0808300068497982
GOOGL,2024-09-23,160.82469177246094,-0.010693293640371812,1.6897592017843317
MSFT,2024-09-23,427.5717468261719,-0.004051615218756763,1.7543690905548277
NVDA,2024-09-23,116.07861328125,0.002238703123347982,6.497794000500825
AAPL,2024-09-24,225.48379516601563,0.003966222041852196,1.7612658003727368
AMZN,2024-09-24,193.9600067138672,4.1255068996117736e-4,2.0816884547048162
GOOGL,2024-09-24,161.2619171142578,0.002714956774349681,1.6943468249762357
MSFT,2024-09-24,423.29119873046875,-0.010061747855197652,1.7367170711207127
NVDA,2024-09-24,120.68144226074219,0.03888670306459664,6.750471786373219
AAPL,2024-09-25,224.49208068847656,-0.004407863338651674,1.7535023814216526
AMZN,2024-09-25,192.52999877929688,-0.007400007450933529,2.0662839446294785
GOOGL,2024-09-25,160.4669952392578,-0.004941573244342637,1.6859740860392962
MSFT,2024-09-25,426.19091796875,0.006827054846576801,1.7485737338182399
NVDA,2024-09-25,123.31731414794922,0.021606457911466953,6.896325570908037
AAPL,2024-09-26,225.6325225830078,0.005067238389072848,1.7623877960041232
AMZN,2024-09-26,191.16000366210938,-0.007141186533660476,2.051528225549372
GOOGL,2024-09-26,161.69912719726563,0.007649084616339981,1.6988702444843673
MSFT,2024-09-26,425.40191650390625,-0.0018530021828871955,1.7453336228725354
NVDA,2024-09-26,123.84648132324219,0.004281921490975103,6.925855095578869
AAPL,2024-09-27,225.90028381347656,0.001186010221459533,1.7644780059443597
AMZN,2024-09-27,187.97000122070313,-0.0168284107446147,2.017004265915656
GOOGL,2024-09-27,162.91139221191406,0.007469078035927222,1.7115592389133358
MSFT,2024-09-27,422.1568908691406,-0.007657383682806275,1.731968933667698
NVDA,2024-09-27,121.21060943603516,-0.021513138333353346,6.776858216830921
AAPL,2024-09-30,231.0670928955078,0.022614433944855825,1.8043806772569393
AMZN,2024-09-30,186.3300018310547,-0.008763077056375612,1.9993291021103992
GOOGL,2024-09-30,164.79934692382813,0.011522207689128719,1.7312801799363424
MSFT,2024-09-30,424.40570068359375,0.005312814732107315,1.74117056373404
NVDA,2024-09-30,121.25054168701172,3.2939092429993655e-4,6.779090452422811
AAPL,2024-10-01,224.3334197998047,-0.029574687371773323,1.7510166828273968
AMZN,2024-10-01,185.1300048828125,-0.006460997690134298,1.9864114413998455
GOOGL,2024-10-01,165.93214416503906,0.006850280070478695,1.743139934049375
MSFT,2024-10-01,414.9273681640625,-0.022586350544685573,1.701843875023455
NVDA,2024-10-01,116.81746673583984,-0.03724639414458618,6.526593777490071
AAPL,2024-10-02,224.89866638183594,0.0025165027063603876,1.7554231210486138
AMZN,2024-10-02,184.75999450683594,-0.002000651545077023,1.9824373242804503
GOOGL,2024-10-02,164.80931091308594,-0.006789820558727869,1.731304326688427
MSFT,2024-10-02,411.4161071777344,-0.00849835987973379,1.687380993314385
NVDA,2024-10-02,118.66458129882813,0.01568826552025279,6.628984713614164
AAPL,2024-10-03,223.7978973388672,-0.00490652855537033,1.7468100873784316
AMZN,2024-10-03,181.9600067138672,-0.015270736231762942,1.9521640468053618
GOOGL,2024-10-03,164.80931091308594,0,1.731304326688427
MSFT,2024-10-03,410.834228515625,-0.0014153323725967306,1.6849927883696427
NVDA,2024-10-03,122.6583480834961,0.03310196395956891,6.848417126692754
AAPL,2024-10-04,224.9185028076172,0.004994726281703622,1.7555349256310055
AMZN,2024-10-04,186.50999450683594,0.024697907897679776,2.0003784146345223
GOOGL,2024-10-04,166.00169372558594,0.007208877332250314,1.743785087204318
MSFT,2024-10-04,410.3608093261719,-0.001153000736937472,1.6830499904429184
NVDA,2024-10-04,124.72511291503906,0.016709386394095267,6.962849974650602
AAPL,2024-10-07,219.8509063720703,-0.022788508544414162,1.715528902978246
AMZN,2024-10-07,180.8000030517578,-0.031093362659704415,1.9381799231316463
GOOGL,2024-10-07,161.94752502441406,-0.024725628313955975,1.7006689052786848
MSFT,2024-10-07,403.9300842285156,-0.015794991307688695,1.656466230473467
NVDA,2024-10-07,127.52074432373047,0.022166832883765183,7.1171943064334116
AAPL,2024-10-08,223.89706420898438,0.018236793152965686,1.7468146487297942
AMZN,2024-10-08,182.72000122070313,0.010563468311108654,1.9586538253308745
GOOGL,2024-10-08,163.3386688232422,0.008553405011064179,1.7152154152152566
MSFT,2024-10-08,409.0292663574219,0.012544905224485375,1.6772464423423172
NVDA,2024-10-08,132.68267822265625,0.039681347511930545,7.39961416701693
AAPL,2024-10-09,227.6357879638672,0.016560519050442486,1.775742805997676
AMZN,2024-10-09,185.1699981689453,0.013319379012842232,1.9847418779854098
GOOGL,2024-10-09,160.8346405029297,-0.0154490086105212,1.6887170374966973
MSFT,2024-10-09,411.7415771484375,0.006609203252368461,1.6883317049840694
NVDA,2024-10-09,132.44305419921875,-0.0018076260383813859,7.386238431774654
AAPL,2024-10-10,227.13992309570313,-0.0021807016188889632,1.7718704407859065
AMZN,2024-10-10,186.64999389648438,0.00796086049904925,2.000542131202673
GOOGL,2024-10-10,161.05325317382813,0.0013583157913361964,1.6910108485158275
MSFT,2024-10-10,410.143798828125,-0.003888085564833498,1.6817673268532702
NVDA,2024-10-10,134.5996856689453,0.016152308494313056,7.50554323353723
AAPL,2024-10-11,225.66229248046875,-0.0065266282257670435,1.760306101154671
AMZN,2024-10-11,188.82000732421875,0.01155904643352474,2.0236664905894672
GOOGL,2024-10-11,162.20590209960938,0.007131453461138255,1.7030702136842981
MSFT,2024-10-11,410.6172180175781,0.001153610447473251,1.683707431211747
NVDA,2024-10-11,134.58969116210938,-7.42563243630182e-5,7.50498589948436
AAPL,2024-10-14,229.38119506835938,0.016345626255483078,1.7890794067793918
AMZN,2024-10-14,187.5399932861328,-0.006802098901968148,2.0099013109758785
GOOGL,2024-10-14,163.91500854492188,0.010481524101658302,1.7209209851758462
MSFT,2024-10-14,413.3985900878906,0.0067507992103264915,1.695073802008792
NVDA,2024-10-14,137.8546142578125,0.02396878435819022,7.684871288120359
AAPL,2024-10-15,231.91001892089844,0.01096422003783757,1.808695267060485
AMZN,2024-10-15,187.69000244140625,7.995584839864811e-4,2.0115083446210447
GOOGL,2024-10-15,164.4118194580078,0.003026321639831106,1.7261290455937235
MSFT,2024-10-15,413.0040283203125,-9.548899985789552e-4,1.6934551929884007
NVDA,2024-10-15,131.3946990966797,-0.047993846437371125,7.316044755627348
AAPL,2024-10-16,229.85719299316406,-0.008891230899137225,1.7926137398148734
AMZN,2024-10-16,186.88999938964844,-0.0042714734594326426,2.0029162401135685
GOOGL,2024-10-16,164.11373901367188,-0.0018146565370458908,1.7229967142373521
MSFT,2024-10-16,410.4199523925781,-0.006276437099899719,1.6828263279881106
NVDA,2024-10-16,135.50823974609375,0.030826684898404195,7.5415741620116945
AAPL,2024-10-17,230.22413635253906,0.001595124225978586,1.7954731814190743
AMZN,2024-10-17,187.52999877929688,0.003418620886077508,2.009763451405085
GOOGL,2024-10-17,161.89785766601563,-0.01359408987017123,1.6995741420579997
MSFT,2024-10-17,411.01177978515625,0.0014409657474859668,1.6852512230857088
NVDA,2024-10-17,136.71636962890625,0.008876036720956697,7.608513451207528
AAPL,2024-10-18,233.0504608154297,0.012201659859899216,1.8173809344663212
AMZN,2024-10-18,188.99000549316406,0.007755306570388279,2.025349783104693
GOOGL,2024-10-18,162.38475036621094,0.003002893488639604,1.7046777821826462
MSFT,2024-10-18,412.4320373535156,0.0034495589065250518,1.6910645964520363
NVDA,2024-10-18,137.78469848632813,0.0077838258243526455,7.667736794693971
AAPL,2024-10-21,234.51820373535156,0.006278212601648164,1.8287908383510825
AMZN,2024-10-21,189.07000732421875,4.232229251258213e-4,2.0262069575643014
GOOGL,2024-10-21,163.0306396484375,0.0039696348126471905,1.7114447304511446
MSFT,2024-10-21,413.0435485839844,0.001481597645644613,1.6935700737767727
NVDA,2024-10-21,143.48580932617188,0.04054382964619079,7.978616209069873
AAPL,2024-10-22,233.90338134765625,-0.002625082875509076,1.823990110838439
AMZN,2024-10-22,189.6999969482422,0.0033265052557146266,2.0329471456578045
GOOGL,2024-10-22,164.09384155273438,0.006500312322126942,1.7225696557211356
MSFT,2024-10-22,421.6539306640625,0.02063187616318692,1.7285116018126145
NVDA,2024-10-22,143.36598205566406,-8.354647318082838e-4,7.971950356618561
AAPL,2024-10-23,228.8456573486328,-0.021860338920400558,1.7841170688280519
AMZN,2024-10-23,184.7100067138672,-0.026656796914304174,1.9787552864584899
GOOGL,2024-10-23,161.74880981445313,-0.014393893593059558,1.6977751713900524
MSFT,2024-10-23,418.7837829589844,-0.006830152470504325,1.7167056040251987
NVDA,2024-10-23,139.34226989746094,-0.028467396044923158,7.745009688566234
AAPL,2024-10-24,228.65725708007813,-8.236025313176682e-4,1.7826476654939982
AMZN,2024-10-24,186.3800048828125,0.009000562616286057,1.9965651973165668
GOOGL,2024-10-24,161.68917846679688,-3.6873435089541885e-4,1.6971491433642634
MSFT,2024-10-24,418.9120178222656,3.0616093375025093e-4,1.7172311922159014
NVDA,2024-10-24,140.19094848632813,0.0060721312579055785,7.792038403988958
AAPL,2024-10-25,229.49026489257813,0.003636421416652952,1.7891301236431467
AMZN,2024-10-25,187.8300018310547,0.00774968161813032,2.01203794192561
GOOGL,2024-10-25,164.22303771972656,0.015549649153142628,1.7235392171041342
MSFT,2024-10-25,422.28515625,0.008019895005225524,1.731003206077171
NVDA,2024-10-25,141.31918334960938,0.008015632664506103,7.854496521543057
AAPL,2024-10-28,231.46372985839844,0.008562576941624434,1.8044496879854193
AMZN,2024-10-28,188.38999938964844,0.0029769707636567114,2.01802772005409
GOOGL,2024-10-28,165.66383361816406,0.00873514640929617,1.7385945845077024
MSFT,2024-10-28,420.7465515136719,-0.0036501745556983206,1.7246847422185159
NVDA,2024-10-28,140.30076599121094,-0.007232596982339709,7.797688113703547
AAPL,2024-10-29,231.73150634765625,0.001156214477861014,1.8065360188392396
AMZN,2024-10-29,190.8300018310547,0.01286871001658346,2.0439971335888933
GOOGL,2024-10-29,168.60508728027344,0.017598582393738425,1.7691913845524687
MSFT,2024-10-29,426.0331115722656,0.012486432952876343,1.7462199026170764
NVDA,2024-10-29,141.02963256835938,0.0051815815969045815,7.838092470931914
AAPL,2024-10-30,228.19113159179688,-0.015395827016199189,1.7787229027946576
AMZN,2024-10-30,192.72999572753906,0.009907234588807736,2.0642474926902095
GOOGL,2024-10-30,173.3548126220703,0.027781215423882698,1.8183416715327982
MSFT,2024-10-30,426.605224609375,0.0013419831098192714,1.748563300232419
NVDA,2024-10-30,139.1226043701172,-0.013614438171877444,7.731381245600954
AAPL,2024-10-31,224.035888671875,-0.018377317928684238,1.746034746502968
AMZN,2024-10-31,186.39999389648438,-0.03339535403553647,1.9953112168548512
GOOGL,2024-10-31,170.0260467529297,-0.019388792695960614,1.7830862218130223
MSFT,2024-10-31,400.7838134765625,-0.06243688963646743,1.63938844643343
NVDA,2024-10-31,132.55287170410156,-0.04837399262168817,7.357383466270795
AAPL,2024-11-01,221.060791015625,-0.013368520145628627,1.7226928458193755
AMZN,2024-11-01,197.92999267578125,0.060018526321249224,2.1150668556427377
GOOGL,2024-11-01,170.20486450195313,0.0010511553158350168,1.784960522373673
MSFT,2024-11-01,404.74871826171875,0.009844262394454057,1.6555270164665574
NVDA,2024-11-01,135.1887664794922,0.01969047442405679,7.502253837241377
AAPL,2024-11-04,220.1682586669922,-0.004045670005850285,1.715723399043751
AMZN,2024-11-04,195.77999877929688,-0.01092182223034851,2.0919664714401054
GOOGL,2024-11-04,168.1678924560547,-0.012039956590289341,1.763469675168914
MSFT,2024-11-04,402.8648681640625,-0.004665234825317199,1.6478035941750842
NVDA,2024-11-04,135.83773803710938,0.0047889987667041,7.538182121615427
AAPL,2024-11-05,221.59629821777344,0.006465183784862307,1.7268158661425577
AMZN,2024-11-05,199.5,0.018822662731709527,2.131342850778067
GOOGL,2024-11-05,168.6647186279297,0.0029499906827684217,1.7686718942800068
MSFT,2024-11-05,405.8237609863281,0.007317788131700101,1.6598618717599114
NVDA,2024-11-05,139.69171142578125,0.027976862508696538,7.749076806397375
AAPL,2024-11-06,220.87237548828125,-0.003272201710313109,1.7211653763119703
AMZN,2024-11-06,207.08999633789063,0.03733922736991443,2.210925546086511
GOOGL,2024-11-06,175.39181518554688,0.03910958422502144,1.8378439166957792
MSFT,2024-11-06,414.42431640625,0.02097138869180749,1.6946714802472995
NVDA,2024-11-06,145.38282775878906,0.03993252141472513,8.058516981913188
AAPL,2024-11-07,225.5928497314453,0.021146776438962813,1.757562475739323
AMZN,2024-11-07,210.0500030517578,0.014192148444279072,2.2423033296358197
GOOGL,2024-11-07,179.60496520996094,0.023737386280252668,1.881469527669199
MSFT,2024-11-07,419.6024169921875,0.012417268924525183,1.7157146717562535
NVDA,2024-11-07,148.6477508544922,0.02220896417441543,8.237488296863416
AAPL,2024-11-08,225.32479858398438,-0.0011889141178523983,1.7554728848989087
AMZN,2024-11-08,208.17999267578125,-0.008942557238934116,2.222251403763499
GOOGL,2024-11-08,177.22018432617188,-0.013366862704512187,1.8563201828101217
MSFT,2024-11-08,416.7520446777344,-0.006816208870606991,1.704020002191198
NVDA,2024-11-08,147.39967346191406,-0.008431654418616083,8.16803264226687
AAPL,2024-11-11,222.61448669433594,-0.012101394337712186,1.734229215269586
AMZN,2024-11-11,206.83999633789063,-0.006457525082191786,2.20790115958476
GOOGL,2024-11-11,179.20751953125,0.011151522613746006,1.8770209793070818
MSFT,2024-11-11,412.28411865234375,-0.01077870780577807,1.6856528684923777
NVDA,2024-11-11,145.0333709716797,-0.01618390385970431,8.035841987261495
AAPL,2024-11-12,222.61448669433594,0,1.734229215269586
AMZN,2024-11-12,208.91000366210938,0.009958024917575062,2.229887494347448
GOOGL,2024-11-12,180.4694366455078,0.007016976041604956,1.8901919905484694
MSFT,2024-11-12,417.23529052734375,0.01193758848248288,1.7057754987607565
NVDA,2024-11-12,148.0586395263672,0.020644547734824752,8.201738310757024
AAPL,2024-11-13,223.498046875,0.00396115898787596,1.7410987729126879
AMZN,2024-11-13,214.10000610351563,0.024539669362855586,2.284608196175101
GOOGL,2024-11-13,177.74681091308594,-0.015201310266827492,1.86145859563627
MSFT,2024-11-13,419.37554931640625,0.005116509029582459,1.7145031145026064
NVDA,2024-11-13,146.0417938232422,-0.013715568501128726,8.089246807127504
AAPL,2024-11-14,226.57574462890625,0.013676627190932005,1.764911131732404
AMZN,2024-11-14,211.47999572753906,-0.012312812938838414,2.2564782428170598
GOOGL,2024-11-14,174.4677276611328,-0.018620344336531758,1.8267975956173257
MSFT,2024-11-14,421.0424499511719,0.0039668422667232615,1.7213042779236438
NVDA,2024-11-14,146.53103637695313,0.0033444186146502812,8.11630063472776
AAPL,2024-11-15,223.37893676757813,-0.014209705038314794,1.7398322651316482
AMZN,2024-11-15,202.61000061035156,-0.04284745921407266,2.1597938833405137
GOOGL,2024-11-15,171.39730834960938,-0.017755480639523494,1.7943619262760142
MSFT,2024-11-15,409.31536865234375,-0.028247728418445833,1.6726813421553477
NVDA,2024-11-15,141.7584991455078,-0.03311235891310272,7.847550775064013
AAPL,2024-11-18,226.377197265625,0.013333025111401265,1.7630294924122747
AMZN,2024-11-18,201.6999969482422,-0.004501522120521847,2.1500715233988887
GOOGL,2024-11-18,174.18948364257813,0.016159391021395714,1.8233577222766133
MSFT,2024-11-18,410.0649108886719,0.0018295349891021258,1.6757415711964394
NVDA,2024-11-18,139.93133544921875,-0.012973058291958618,7.745744041410002
AAPL,2024-11-19,226.63531494140625,0.0011395610353293233,1.765038572125964
AMZN,2024-11-19,204.61000061035156,0.01432430133148399,2.180869795784297
GOOGL,2024-11-19,176.99163818359375,0.015958796406791587,1.852456316943177
MSFT,2024-11-19,412.06707763671875,0.00487067948746246,1.683903571293554
NVDA,2024-11-19,146.7806396484375,0.04778738376240157,8.115892884442198
AAPL,2024-11-20,227.35011291503906,0.0031489934277345462,1.7705966669892865
AMZN,2024-11-20,202.8800048828125,-0.008491035845116046,2.162351952174762
GOOGL,2024-11-20,174.86517333984375,-0.012087250631743072,1.830065213155929
MSFT,2024-11-20,409.798583984375,-0.005520365478679722,1.6746078081491595
NVDA,2024-11-20,145.66238403320313,-0.00764771921376297,8.053824814493007
AAPL,2024-11-21,226.87359619140625,-0.002098159514320728,1.7668816727464185
AMZN,2024-11-21,198.3800048828125,-0.022430287385072762,2.113849776459809
GOOGL,2024-11-21,166.56808471679688,-0.04861109587091474,1.74110373762918
MSFT,2024-11-21,408.0295715332031,-0.004326129390916067,1.667363238092068
NVDA,2024-11-21,146.44119262695313,0.005332426587110027,8.096771244061737
AAPL,2024-11-22,228.21383666992188,0.0058900521370221035,1.7772886979188438
AMZN,2024-11-22,197.1199951171875,-0.00637175235688548,2.1003808491645493
GOOGL,2024-11-22,163.71627807617188,-0.01726922515957564,1.711036225157883
MSFT,2024-11-22,412.11114501953125,0.009953431407454008,1.683959223713728
NVDA,2024-11-22,141.72854614257813,-0.03271035116354412,7.83192301337759
AAPL,2024-11-25,231.19223022460938,0.012966460387670142,1.8003338414178627
AMZN,2024-11-25,201.4499969482422,0.021728540914003922,2.1460190603806115
GOOGL,2024-11-25,166.58795166015625,0.017388490255888938,1.740788561886514
MSFT,2024-11-25,413.8801574707031,0.004283374777808294,1.691172252179441
NVDA,2024-11-25,135.8077850341797,-0.04267304050457943,7.49771104539898
AAPL,2024-11-26,233.366455078125,0.009360456697544855,1.8171857883815792
AMZN,2024-11-26,207.86000061035156,0.03132358260823746,2.213240065697296
GOOGL,2024-11-26,168.04864501953125,0.008730083027415658,1.755985790564959
MSFT,2024-11-26,422.9722900390625,0.021730211507660867,1.7279217829151876
NVDA,2024-11-26,136.70640563964844,0.006595061052468414,7.5471589074971535
AAPL,2024-11-27,233.23736572265625,-5.533146237022419e-4,1.8161803129108838
AMZN,2024-11-27,205.74000549316406,-0.010251516694207487,2.1905509982155107
GOOGL,2024-11-27,168.15794372558594,6.501877926491718e-4,1.7571275110900497
MSFT,2024-11-27,418.0309143066406,-0.011751281257226376,1.7076164880536633
NVDA,2024-11-27,135.1288604736328,-0.011606756538139171,7.459560871503186
AAPL,2024-11-29,235.6201171875,0.010164163163464942,1.834640265945583
AMZN,2024-11-29,207.88999938964844,0.010395828320660513,2.2133235903206105
GOOGL,2024-11-29,167.87973022460938,-0.0016558474606371647,1.7542179759627956
MSFT,2024-11-29,418.49542236328125,0.001110564208251124,1.7095129058067153
NVDA,2024-11-29,138.03431701660156,0.021273483077412815,7.618251713468039
AAPL,2024-12-02,237.8638153076172,0.009477470134224097,1.8520280142731274
AMZN,2024-12-02,210.7100067138672,0.01347372166869659,2.243145296339351
GOOGL,2024-12-02,170.4036407470703,0.014922148543152594,1.7803946771771808
MSFT,2024-12-02,425.92724609375,0.01760259619700266,1.7396047711811953
NVDA,2024-12-02,138.4137420654297,0.0027450023583925616,7.639163832388338
AAPL,2024-12-03,240.90179443359375,0.01269105315634073,1.8755322002492998
AMZN,2024-12-03,213.44000244140625,0.012872961773847143,2.2720212199923124
GOOGL,2024-12-03,170.2545928955078,-8.75058027980606e-4,1.778836728521943
MSFT,2024-12-03,426.14471435546875,5.104457757910247e-4,1.7404927450881906
NVDA,2024-12-03,140.0411834716797,0.011689216370658687,7.728459671316036
AAPL,2024-12-04,241.25917053222656,0.001482393599002318,1.8783124771776718
AMZN,2024-12-04,218.16000366210938,0.021872981158048213,2.3217170973278902
GOOGL,2024-12-04,173.26539611816406,0.01752957857897981,1.8100189867337437
MSFT,2024-12-04,432.2917175292969,0.014321638766622784,1.7654194534592713
NVDA,2024-12-04,144.91354370117188,0.034200767250568455,7.99277892174012
AAPL,2024-12-05,241.28895568847656,1.2344947444362737e-4,1.8785443538658202
AMZN,2024-12-05,220.5500030517578,0.01089568506430291,2.3470137956287824
GOOGL,2024-12-05,171.54635620117188,-0.00997097197349974,1.7919713381455191
MSFT,2024-12-05,437.4307861328125,0.011817857748155776,1.7862829294260798
NVDA,2024-12-05,144.8436737060547,-4.8226578855631004e-4,7.988924277910671
AAPL,2024-12-06,241.0904083251953,-8.232001171919813e-4,1.8769979359335676
AMZN,2024-12-06,227.02999877929688,0.0289577215747153,2.4149779676546164
GOOGL,2024-12-06,173.6032257080078,0.011918854689915836,1.8133295841333696
MSFT,2024-12-06,438.3696594238281,0.002144035562979921,1.7901127835523132
NVDA,2024-12-06,142.2275848388672,-0.018226563702471377,7.843313640645112
AAPL,2024-12-09,244.9722442626953,0.015972913980679942,1.9069790625061482
AMZN,2024-12-09,226.08999633789063,-0.004149028072046304,2.404958156273444
GOOGL,2024-12-09,174.45875549316406,0.004915972179169151,1.8222438619206336
MSFT,2024-12-09,440.7909240722656,0.005508142233801121,1.7999729793786647
NVDA,2024-12-09,138.60296630859375,-0.025814996300188423,7.640838528030641
AAPL,2024-12-10,245.98489379882813,0.004125211321636992,1.9148457541249233
AMZN,2024-12-10,225.0399932861328,-0.004654999543156226,2.3937630771546816
GOOGL,2024-12-10,184.2078399658203,0.05437632966192577,1.9213307948808507
MSFT,2024-12-10,438.1324768066406,-0.006049344846259759,1.7890843221124537
NVDA,2024-12-10,134.86859130859375,-0.02731258179959346,7.432147500716319
AAPL,2024-12-11,244.714111328125,-0.005179490067747823,1.9049278295601642
AMZN,2024-12-11,230.25999450683594,0.02293094704166905,2.448654331507218
GOOGL,2024-12-11,194.38467407226563,0.05377436667966876,2.0246491415577132
MSFT,2024-12-11,443.7261047363281,0.01268616775047383,1.8117809459425152
NVDA,2024-12-11,139.1022186279297,0.03090814201438251,7.661861371140296
AAPL,2024-12-12,246.1735076904297,0.00594596647154306,1.9162544665654382
AMZN,2024-12-12,228.97000122070313,-0.005618085452278564,2.4348975822297185
GOOGL,2024-12-12,190.9625701904297,-0.01776161058861055,1.9886881119268003
MSFT,2024-12-12,444.2894287109375,0.0012687256674129394,1.814079598932362
NVDA,2024-12-12,137.1351776123047,-0.01424191141772278,7.552741820197644
AAPL,2024-12-13,246.34230041503906,6.854307148722756e-4,1.9175679262343333
AMZN,2024-12-13,227.4600067138672,-0.006616567663893641,2.4187869176222443
GOOGL,2024-12-13,188.8336944580078,-0.011210737055994627,1.9663934524176065
MSFT,2024-12-13,442.0262451171875,-0.005106958117569433,1.8048151703986772
NVDA,2024-12-13,134.04978942871094,-0.022755843422417737,7.38087280992728
AAPL,2024-12-16,249.23130798339844,0.011659379140598981,1.9399255777141515
AMZN,2024-12-16,232.92999267578125,0.023763519526408726,2.4762658077693827
GOOGL,2024-12-16,195.63815307617188,0.035400091009187264,2.0360039595930597
MSFT,2024-12-16,446.2956237792969,0.009612307620700292,1.8221636090150557
NVDA,2024-12-16,131.80313110351563,-0.01690191557727353,7.256121920807296
AAPL,2024-12-17,251.6537322998047,0.009672651440656342,1.9586898016481946
AMZN,2024-12-17,231.14999389648438,-0.0076711237701660145,2.4572700662701537
GOOGL,2024-12-17,194.4045867919922,-0.006325308849288528,2.023125605730259
MSFT,2024-12-17,449.1319885253906,0.0063352395964357015,1.8337074520620722
NVDA,2024-12-17,130.19554138183594,-0.012271893453089164,7.167075565712524
AAPL,2024-12-18,246.2628631591797,-0.021654549557595625,1.9162752562704468
AMZN,2024-12-18,220.52000427246094,-0.047078410933269275,2.341585696316266
GOOGL,2024-12-18,187.4210662841797,-0.03658370940112701,1.9491121664882445
MSFT,2024-12-18,432.2621154785156,-0.03828465258586451,1.763504599315765
NVDA,2024-12-18,128.71775817871094,-0.011415398538858645,7.085260541771799
AAPL,2024-12-19,247.99032592773438,0.006990222180880297,1.9296704460715002
AMZN,2024-12-19,223.2899932861328,0.012482931876037162,2.3708155510452844
GOOGL,2024-12-19,187.53050231933594,5.837342602476282e-4,1.9502499300368892
MSFT,2024-12-19,431.9063415527344,-8.233902614401428e-4,1.7620525468026833
NVDA,2024-12-19,130.485107421875,0.013637014607913951,7.181882343280817
AAPL,2024-12-20,252.65647888183594,0.01864103806497716,1.9656415063095805
AMZN,2024-12-20,224.9199981689453,0.007273430311082978,2.3880595127362443
GOOGL,2024-12-20,190.41542053222656,0.015266598051877793,1.9800236118194652
MSFT,2024-12-20,431.48138427734375,-9.843950683884224e-4,1.7603179909653695
NVDA,2024-12-20,134.49911499023438,0.03029851814395633,7.399482735766471
AAPL,2024-12-23,253.4308624267578,0.003060278675538512,1.971656917095093
AMZN,2024-12-23,225.05999755859375,6.222471909635992e-4,2.389545476059898
GOOGL,2024-12-23,193.61868286132813,0.016682563301312386,2.0130554810617367
MSFT,2024-12-23,430.1471862792969,-0.003096923918239146,1.7548664200754422
NVDA,2024-12-23,139.46170043945313,0.036232395722880506,7.667583722393384
AAPL,2024-12-24,256.3397521972656,0.011412667816929753,1.994158782538851
AMZN,2024-12-24,229.0500030517578,0.017573311182246015,2.4315377022948272
GOOGL,2024-12-24,195.09100341796875,0.007575461325943545,2.028305305005498
MSFT,2024-12-24,434.1793212890625,0.00933018766635653,1.7712396531041334
NVDA,2024-12-24,140.01089477539063,0.0039302246608490955,7.697719049028259
AAPL,2024-12-26,257.15380859375,0.0031706612920804583,2.000481584600909
AMZN,2024-12-26,227.0500030517578,-0.00877006267142877,2.41021296425776
GOOGL,2024-12-26,194.58364868164063,-0.0026039929478748076,2.023023612295127
MSFT,2024-12-26,432.9736328125,-0.0027807995067303005,1.7663141907504802
NVDA,2024-12-26,139.7213134765625,-0.0020704187342730253,7.68178154729798
AAPL,2024-12-27,253.74851989746094,-0.013330685475177023,1.973813793797711
AMZN,2024-12-27,223.75,-0.014640913829901727,2.37492524393635
GOOGL,2024-12-27,191.75839233398438,-0.01462593459657137,1.993435001254379
MSFT,2024-12-27,425.4825744628906,-0.017452837859763235,1.7354869955699133
NVDA,2024-12-27,136.80567932128906,-0.021088300838240332,7.519785827054917
AAPL,2024-12-30,250.38296508789063,-0.013352091309990603,1.947459251794005
AMZN,2024-12-30,221.3000030517578,-0.011010096307821616,2.348777088276734
GOOGL,2024-12-30,190.24630737304688,-0.00791661913747567,1.9776537355741348
MSFT,2024-12-30,419.849365234375,-0.01332800134939655,1.7123564225510972
NVDA,2024-12-30,137.2849578857422,0.003497230389380535,7.546084250570926
AAPL,2024-12-31,248.6157989501953,-0.007082877365050594,1.9336656367401148
AMZN,2024-12-31,219.38999938964844,-0.008668295678212696,2.3284171939933396
GOOGL,2024-12-31,188.31637573242188,-0.010196189147703387,1.9574892040175587
MSFT,2024-12-31,416.55841064453125,-0.007869299324253738,1.6988813773122342
NVDA,2024-12-31,134.08973693847656,-0.02354949576101007,7.3683777714998815
AAPL,2025-01-02,242.0931396484375,-0.02658620205575079,1.8822568114134801
AMZN,2025-01-02,220.22000122070313,0.0037760870596221323,2.3372095000289796
GOOGL,2025-01-02,188.44569396972656,6.864716635900537e-4,1.9588329648879004
MSFT,2025-01-02,413.6726379394531,-0.006951761998584794,1.6870711583133315
NVDA,2025-01-02,138.10372924804688,0.02949580955754961,7.585714038996125
AAPL,2025-01-03,241.60667419433594,-0.002011436036130179,1.8784707722337515
AMZN,2025-01-03,224.19000244140625,0.017866865271653997,2.3789681072776276
GOOGL,2025-01-03,190.79345703125,0.012381596407923016,1.9830864440896776
MSFT,2025-01-03,418.38671875,0.011331237878659191,1.706187762926405
NVDA,2025-01-03,144.25454711914063,0.04357436336197106,7.916256698891346
AAPL,2025-01-06,243.23483276367188,0.0067162760046850754,1.8910871004068073
AMZN,2025-01-06,227.61000061035156,0.015139723199454136,2.41498502592214
GOOGL,2025-01-06,195.8470458984375,0.026142510370702345,2.034929302020291
MSFT,2025-01-06,422.833984375,0.010573460784735816,1.7242280723291037
NVDA,2025-01-06,149.20716857910156,0.03375630601117568,8.183480282482142
AAPL,2025-01-07,240.46493530273438,-0.011453086901282335,1.869428315507954
AMZN,2025-01-07,222.11000061035156,-0.02446088330127337,2.3559123590287356
GOOGL,2025-01-07,194.47422790527344,-0.007034326571890627,2.020614944759171
MSFT,2025-01-07,417.418212890625,-0.012891002249730003,1.7020010443696614
NVDA,2025-01-07,139.93099975585938,-0.06418629116454828,7.6582130343314025
AAPL,2025-01-08,240.951416015625,0.0020210401127774657,1.8732065051215574
AMZN,2025-01-08,222.1300048828125,9.006065292234922e-5,2.356124534034018
GOOGL,2025-01-08,192.9422149658203,-0.00790891018366937,2.0046340826452904
MSFT,2025-01-08,419.5825500488281,0.005171660715242975,1.7108032163081306
NVDA,2025-01-08,139.9010467529297,-2.140784332443731e-4,7.656573576083561
AAPL,2025-01-10,235.14356994628906,-0.024399056331406845,1.8275020340827388
AMZN,2025-01-10,218.94000244140625,-0.01446508722386957,2.322042987138917
GOOGL,2025-01-10,191.04212951660156,-0.009896762643042612,1.9847946949431967
MSFT,2025-01-10,414.0382995605469,-0.013301807985565137,1.6880464404237125
NVDA,2025-01-10,135.70733642578125,-0.030434734849957693,7.423547789436265
AAPL,2025-01-13,232.7112274169922,-0.010397945934595101,1.808499766736984
AMZN,2025-01-13,218.4600067138672,-0.002194768679336334,2.316946639918672
GOOGL,2025-01-13,190.0175018310547,-0.005377794290788731,1.9741208773643433
MSFT,2025-01-13,412.2989807128906,-0.0042097130501438365,1.680940249294212
NVDA,2025-01-13,133.0313262939453,-0.019915992412324734,7.2757004679893225
AAPL,2025-01-14,231.59927368164063,-0.004789708001543345,1.7998375809334546
AMZN,2025-01-14,217.75999450683594,-0.0032094484707197966,2.3095105190684455
GOOGL,2025-01-14,188.67453002929688,-0.007092715551399055,1.9601189995171198
MSFT,2025-01-14,410.7967529296875,-0.0036501937496809674,1.674804491702651
NVDA,2025-01-14,131.56349182128906,-0.011095073899767115,7.19497603362441
AAPL,2025-01-15,236.1562042236328,0.01948485877736529,1.8349071620201378
AMZN,2025-01-15,223.35000610351563,0.025346561447878488,2.3680486693545357
GOOGL,2025-01-15,194.53390502929688,0.030582999516359597,2.0200653179313592
MSFT,2025-01-15,421.31201171875,0.0252751058978852,1.7171353525886894
NVDA,2025-01-15,136.03683471679688,0.03343612993800147,7.435548187185483
AAPL,2025-01-16,226.61544799804688,-0.041238949127982476,1.7592375189110188
AMZN,2025-01-16,220.66000366210938,-0.012117003196939351,2.3393550160574588
GOOGL,2025-01-16,191.90762329101563,-0.01359233922781042,1.9926079048677012
MSFT,2025-01-16,419.6022644042969,-0.004066406574327208,1.7101527821019131
NVDA,2025-01-16,133.3708038330078,-0.01979244486418121,7.288380509655652
AAPL,2025-01-17,228.32305908203125,0.007507032607030731,1.7724441723289956
AMZN,2025-01-17,225.94000244140625,0.02364641617601076,2.394672378350592
GOOGL,2025-01-17,194.9815673828125,0.01589090029826568,2.02427223841749
MSFT,2025-01-17,424.0000915527344,0.010426398072213594,1.7279835157724115
NVDA,2025-01-17,137.50462341308594,0.030524293657518412,7.510853176620115
AAPL,2025-01-21,221.03591918945313,-0.03243633328054354,1.7149525824341751
AMZN,2025-01-21,230.7100067138672,0.02089205157407654,2.4447019971821087
GOOGL,2025-01-21,197.02093505859375,0.010404964570893318,2.0453347193400666
MSFT,2025-01-21,423.4763488769531,-0.0012360054332434811,1.7258477187583616
NVDA,2025-01-21,140.61997985839844,0.022403532172978115,7.679122817409039
AAPL,2025-01-22,222.2173614501953,0.005330789912355668,1.7240946343607835
AMZN,2025-01-22,235.00999450683594,0.018466503377704703,2.489847094870554
GOOGL,2025-01-22,197.33924865722656,0.0016143296453624383,2.0486365638121864
MSFT,2025-01-22,440.9688415527344,0.04047655315034565,1.7957040856760873
NVDA,2025-01-22,146.85069274902344,0.04335530148881275,8.01205350232743
AAPL,2025-01-23,222.04859924316406,-7.597350689901224e-4,1.7227847792048019
AMZN,2025-01-23,235.4199981689453,0.0017431021503980866,2.4941871526957855
GOOGL,2025-01-23,196.9512939453125,-0.0019678627569863927,2.0446051282156597
MSFT,2025-01-23,441.47283935546875,0.0011422802626848334,1.7977552830107777
NVDA,2025-01-23,147.00045776367188,0.0010193257869135451,8.020220395068483
AAPL,2025-01-24,221.17491149902344,-0.003942430194208816,1.7159928204731416
AMZN,2025-01-24,234.85000610351563,-0.0024241067445138365,2.4881409767968554
GOOGL,2025-01-24,199.16970825195313,0.011200807265728498,2.067506356191324
MSFT,2025-01-24,438.8538818359375,-0.005949984665722119,1.7870586666441426
NVDA,2025-01-24,142.40731811523438,-0.03174431189641363,7.7656240173694515
AAPL,2025-01-27,228.2039337158203,0.031285832068581224,1.7696790836853553
AMZN,2025-01-27,235.4199981689453,0.002424106744513845,2.4941724961200102
GOOGL,2025-01-27,190.81332397460938,-0.042861677850794914,1.9788895647977804
MSFT,2025-01-27,429.4653015136719,-0.021625564405378928,1.7484125143524392
NVDA,2025-01-27,118.24340057373047,-0.1859461722030469,6.321635956571555
AAPL,2025-01-28,236.5433807373047,0.03589194387793407,1.833196306038944
AMZN,2025-01-28,238.14999389648438,0.01152955641148476,2.522929198614
GOOGL,2025-01-28,194.2852020263672,0.018031604314240356,2.014572118411793
MSFT,2025-01-28,441.95709228515625,0.028671851020683575,1.798542737486651
NVDA,2025-01-28,128.7976531982422,0.08549737628070422,6.862119244660183
AAPL,2025-01-29,237.63546752929688,0.004606231285589916,1.8416404322164484
AMZN,2025-01-29,237.07000732421875,-0.004545214548105975,2.511461944116618
GOOGL,2025-01-29,194.3946533203125,5.631951094596803e-4,2.015706715576537
MSFT,2025-01-29,437.1441650390625,-0.010949763281502843,1.778849120259506
NVDA,2025-01-29,123.51553344726563,-0.0418756679339988,6.574763417847291
AAPL,2025-01-30,235.8782196044922,-0.007422197244272815,1.8279714136755099
AMZN,2025-01-30,234.63999938964844,-0.01030306500192206,2.485586188456531
GOOGL,2025-01-30,199.82626342773438,0.027557918011327943,2.071255395979278
MSFT,2025-01-30,410.12469482421875,-0.06380179062938528,1.6653553611274428
NVDA,2025-01-30,124.464111328125,0.007650486864747674,6.625063559014354
AAPL,2025-01-31,234.29966735839844,-0.006714727429550809,1.8156970838836684
AMZN,2025-01-31,237.67999267578125,0.012872778270920829,2.517582588333795
GOOGL,2025-01-31,202.9599151611328,0.015560191120015048,2.103484525799078
MSFT,2025-01-31,410.1938781738281,1.6867434689554983e-4,1.6656362638553301
NVDA,2025-01-31,119.89094543457031,-0.03743487038588036,6.377055163384433
AAPL,2025-02-03,226.3672332763672,-0.034442319277539074,1.7531602652092504
AMZN,2025-02-03,237.4199981689453,-0.0010944834258047257,2.5148271359177694
GOOGL,2025-02-03,200.18438720703125,-0.013769619421928149,2.0745203444189095
MSFT,2025-02-03,406.1024475097656,-0.010024459984754229,1.6489391597791567
NVDA,2025-02-03,116.48603057861328,-0.028811184918964065,6.193324647833729
AAPL,2025-02-04,231.12274169921875,0.020790312242924363,1.7896090145348387
AMZN,2025-02-04,242.05999755859375,0.01935490231141661,2.563501369463557
GOOGL,2025-02-04,205.30764770507813,0.025270696834120508,2.126944919118935
MSFT,2025-02-04,407.535400390625,0.003522339493168489,1.654747283303479
NVDA,2025-02-04,118.47306060791016,0.0169142414685658,6.2980800364204095
AAPL,2025-02-05,230.79510498046875,-0.0014185932673956836,1.7870702872355488
AMZN,2025-02-05,236.1699981689453,-0.024633742288564034,2.5003527373718106
GOOGL,2025-02-05,190.33583068847656,-0.07571953283827147,1.9658936434705143
MSFT,2025-02-05,408.4446716308594,0.0022286613307579218,1.6584351545859541
NVDA,2025-02-05,124.64383697509766,0.05077476802044642,6.617863589243861
AAPL,2025-02-06,231.5397186279297,0.0032211040711213348,1.7928266266131434
AMZN,2025-02-06,238.8300018310547,0.011200132499427723,2.528357019325682
GOOGL,2025-02-06,190.60443115234375,0.0014101975311408305,1.968665941833022
MSFT,2025-02-06,410.94500732421875,0.006102941050332318,1.668556486570191
NVDA,2025-02-06,128.48806762695313,0.030375674980767275,6.818885662697787
AAPL,2025-02-07,225.989990234375,-0.024260722263638013,1.749331357758027
AMZN,2025-02-07,229.14999389648438,-0.041375225115693685,2.4237456784782374
GOOGL,2025-02-07,184.376953125,-0.03321791912986525,1.9032709557834926
MSFT,2025-02-07,404.9461669921875,-0.01470526614826152,1.6440199193517682
NVDA,2025-02-07,129.6463623046875,0.008974412689748327,6.880081156719045
AAPL,2025-02-10,226.25833129882813,0.0011866980292349104,1.7514072858327574
AMZN,2025-02-10,233.13999938964844,0.01726234455405195,2.465585211491523
GOOGL,2025-02-10,185.50108337402344,0.0060784020633512965,1.9148398018882435
MSFT,2025-02-10,407.38720703125,0.00600996454062177,1.653900420771148
NVDA,2025-02-10,133.3708038330078,0.028322793927100964,7.074944277522529
AAPL,2025-02-11,231.19796752929688,0.021596940474028006,1.7892323247306663
AMZN,2025-02-11,232.75999450683594,-0.0016312726853763525,2.4615631696825493
GOOGL,2025-02-11,184.3570556640625,-0.006186325175852737,1.9029939802140976
MSFT,2025-02-11,406.6163635253906,-0.001893956646295306,1.650768005076918
NVDA,2025-02-11,132.6019744873047,-0.0057812795125245005,7.034042047118636
AAPL,2025-02-12,235.4219512939453,0.01810509571853712,1.8216265472326156
AMZN,2025-02-12,228.92999267578125,-0.016591608211964908,2.4207218779821735
GOOGL,2025-02-12,182.6559600830078,-0.00927001326796259,1.88535320076866
MSFT,2025-02-12,404.2445068359375,-0.005850235326253526,1.641110623778168
NVDA,2025-02-12,130.94442749023438,-0.012578952630126927,6.945561165409609
AAPL,2025-02-13,240.05349731445313,0.019482362464274816,1.857116135900347
AMZN,2025-02-13,230.3699951171875,0.006270442838655877,2.435900876146345
GOOGL,2025-02-13,185.17282104492188,0.013685172947662548,1.9111545853886083
MSFT,2025-02-13,405.7269287109375,0.003660434097207063,1.6471178010627343
NVDA,2025-02-13,135.08824157714844,0.031155190656602952,7.161951447735043
AAPL,2025-02-14,243.10472106933594,0.012630497431350524,1.8805724364845557
AMZN,2025-02-14,228.67999267578125,-0.007363076447512864,2.417965151776716
GOOGL,2025-02-14,184.2675323486328,-0.004900875066578129,1.9017882555327008
MSFT,2025-02-14,403.6416015625,-0.005152984542361651,1.6386302284944094
NVDA,2025-02-14,138.64292907714844,0.025973566179412162,7.347972867636527
AAPL,2025-02-18,242.9755096435547,-5.316465087880448e-4,1.8795726367141758
AMZN,2025-02-18,226.64999389648438,-0.008916663909923439,2.3964049691724156
GOOGL,2025-02-18,182.8151092529297,-0.007913371598077774,1.8867386983658103
MSFT,2025-02-18,404.83746337890625,0.002958302176024905,1.6434777918650645
NVDA,2025-02-18,139.19210815429688,0.003953279599679705,7.377021458873154
AAPL,2025-02-19,243.37306213378906,0.0016348462886490141,1.8826454490635542
AMZN,2025-02-19,226.6300048828125,-8.819720145894445e-5,2.3961936129605728
GOOGL,2025-02-19,184.3073272705078,0.00812931102525809,1.9020765840682166
MSFT,2025-02-19,409.9073181152344,0.012445419203202685,1.6639315619359791
NVDA,2025-02-19,139.02236938476563,-0.0012202009909251757,7.368020009978961
AAPL,2025-02-20,244.32717895507813,0.0039127232597020965,1.8900117197018775
AMZN,2025-02-20,222.8800048828125,-0.016685221316839496,2.356212592210328
GOOGL,2025-02-20,183.60101318359375,-0.0038396245857928073,1.8947733240519675
MSFT,2025-02-20,412.0759582519531,0.005276616278691788,1.6727114903023192
NVDA,2025-02-20,139.9010467529297,0.006300512786111107,7.414442314260156
AAPL,2025-02-21,244.0489044189453,-0.0011395912933567162,1.887857878801763
AMZN,2025-02-21,216.5800018310547,-0.028673529284667792,2.288651661446682
GOOGL,2025-02-21,178.7264862060547,-0.026908369379494288,1.8437880635579649
MSFT,2025-02-21,404.23309326171875,-0.019216021944854122,1.6405686295972601
NVDA,2025-02-21,134.22952270507813,-0.041384173100420404,7.107601750083732
AAPL,2025-02-24,245.58944702148438,0.00629259403956299,1.8997374020374531
AMZN,2025-02-24,212.7100067138672,-0.018030235415601108,2.247386733206492
GOOGL,2025-02-24,178.31861877441406,-0.002284683942538912,1.8395755905757092
MSFT,2025-02-24,400.06414794921875,-0.010366770977642756,1.6235612303411202
NVDA,2025-02-24,130.08570861816406,-0.03135766041650483,6.884723988028851
AAPL,2025-02-25,245.52980041503906,-2.4290070914513497e-4,1.8992759544753088
AMZN,2025-02-25,212.8000030517578,4.230045694208501e-4,2.248337388063894
GOOGL,2025-02-25,174.5084991455078,-0.02159849711697694,1.7998435224861986
MSFT,2025-02-25,394.0235595703125,-0.01521420074918569,1.5988600438541156
NVDA,2025-02-25,126.44115447998047,-0.028416512317118902,6.689084144023065
AAPL,2025-02-26,238.89064025878906,-0.027412451412643184,1.847212144654053
AMZN,2025-02-26,214.35000610351563,0.00725744971005982,2.2646545835890155
GOOGL,2025-02-26,171.8324737548828,-0.015453433781334755,1.7720297597946937
MSFT,2025-02-26,395.8357849121094,0.004588737309708598,1.6061967925903513
NVDA,2025-02-26,131.084228515625,0.03606306439491651,6.930313016251984
AAPL,2025-02-27,235.84933471679688,-0.012812686137682135,1.8235443952148858
AMZN,2025-02-27,208.74000549316406,-0.02652073681079192,2.2045942754102974
GOOGL,2025-02-27,167.62445068359375,-0.024793947838874668,1.7280941463614106
MSFT,2025-02-27,388.7058410644531,-0.018176575759469873,1.5770016349052154
NVDA,2025-02-27,119.9708251953125,-0.08859149250497897,6.316346242615538
AAPL,2025-02-28,240.361572265625,0.01895115180236737,1.8581026618669592
AMZN,2025-02-28,212.27999877929688,0.01681666750153127,2.2416682043156517
GOOGL,2025-02-28,169.3951873779297,0.01050830746177075,1.7462534909742624
MSFT,2025-02-28,393.1224365234375,0.011298241742145734,1.5948189806041335
NVDA,2025-02-28,124.73371124267578,0.038932565055098914,6.5622578036166965
AAPL,2025-03-03,236.5749053955078,-0.015879458237123875,1.828596998247554
AMZN,2025-03-03,205.02000427246094,-0.03479859601476046,2.163661298074538
GOOGL,2025-03-03,166.14219665527344,-0.019390343967103877,1.7123930351305154
MSFT,2025-03-03,384.7052001953125,-0.02164377946551058,1.5603010703005273
NVDA,2025-03-03,113.88990020751953,-0.09094896083770442,5.965427275628642
AAPL,2025-03-04,234.4877166748047,-0.008861676905309064,1.8123925624590662
AMZN,2025-03-04,203.8000030517578,-0.005968420431592876,2.1507476577760634
GOOGL,2025-03-04,170.03189086914063,0.02314198476894517,1.7520212086679534
MSFT,2025-03-04,384.82403564453125,3.0885233368355185e-4,1.5607829729273386
NVDA,2025-03-04,115.81703186035156,0.01677944022442381,6.0655238060132
AAPL,2025-03-05,234.2988739013672,-8.05666320020764e-4,1.8109323788128369
AMZN,2025-03-05,208.36000061035156,0.022128220043401252,2.198339875205162
GOOGL,2025-03-05,172.12095642089844,0.012211451860089007,1.7734159313154574
MSFT,2025-03-05,397.1131591796875,0.03143509625479814,1.6098463359141597
NVDA,2025-03-05,117.12507629394531,0.011230757655257998,6.133644233930732
AAPL,2025-03-06,233.89138793945313,-0.0017406857767680698,1.8077801145783485
AMZN,2025-03-06,200.6999969482422,-0.037456115209580504,2.1159986035696625
GOOGL,2025-03-06,171.45448303222656,-0.003879638344869598,1.7665357188669233
MSFT,2025-03-06,393.0234069824219,-0.010352105941965705,1.593181036094491
NVDA,2025-03-06,110.40511322021484,-0.059085943776481666,5.77123207557976
AAPL,2025-03-07,237.60853576660156,0.015767658286873966,1.836284573682826
AMZN,2025-03-07,199.25,-0.0072509229263983,2.1006556607828126
GOOGL,2025-03-07,172.9566192626953,0.008722981026411036,1.7819451764250769
MSFT,2025-03-07,389.4783020019531,-0.00906101340032499,1.5787452013772951
NVDA,2025-03-07,112.5219497680664,0.018991863491692174,5.880838527338046
AAPL,2025-03-10,226.08937072753906,-0.049694144985495244,1.745031981843603
AMZN,2025-03-10,194.5399932861328,-0.023922554740530594,2.05040261074673
GOOGL,2025-03-10,165.1981658935547,-0.04589504866035755,1.7001627158429586
MSFT,2025-03-10,376.4563903808594,-0.0340059449174844,1.525058479020516
NVDA,2025-03-10,106.8204574584961,-0.051998854242922256,5.575041661928833
AAPL,2025-03-11,219.48995971679688,-0.029623876941397637,1.693337369154665
AMZN,2025-03-11,196.58999633789063,0.010482560161564325,2.0718960794693113
GOOGL,2025-03-11,163.37559509277344,-0.011093944252301435,1.6813012054535554
MSFT,2025-03-11,376.74359130859375,7.626153707795385e-4,1.5262215120579548
NVDA,2025-03-11,108.59780883789063,0.016501773429872007,5.667039736296079
AAPL,2025-03-12,215.653564453125,-0.017633238021959693,1.6634783482728817
AMZN,2025-03-12,198.88999938964844,0.011631581915007516,2.0959955084370416
GOOGL,2025-03-12,166.43313598632813,0.01854182866199335,1.7124756043342781
MSFT,2025-03-12,379.5361022949219,0.0073848966225837165,1.5374925001476663
NVDA,2025-03-12,115.57803344726563,0.062294685249707854,6.020066192966231
AAPL,2025-03-13,208.398193359375,-0.03422261109721392,1.606549775691303
AMZN,2025-03-13,193.88999938964844,-0.02546092021137873,2.042629534033318
GOOGL,2025-03-13,162.10073852539063,-0.02637565837805849,1.667307932813598
MSFT,2025-03-13,375.0799255371094,-0.011810585496864768,1.519333813523884
NVDA,2025-03-13,115.41825103759766,-0.0013834199585296947,6.011737913243213
AAPL,2025-03-14,212.18490600585938,0.018007451928337345,1.6354796435475452
AMZN,2025-03-14,197.9499969482422,0.020723473340341268,2.0849599127260507
GOOGL,2025-03-14,164.8197021484375,0.016634177483580478,1.695042228887801
MSFT,2025-03-14,384.7745666503906,0.025518483597740883,1.5581049085237864
NVDA,2025-03-14,121.49972534179688,0.051349506075918684,6.320437685746125
AAPL,2025-03-17,212.6917724609375,0.002385947364125923,1.639381811892149
AMZN,2025-03-17,195.74000549316406,-0.011227182074080659,2.061551688168716
GOOGL,2025-03-17,163.6245574951172,-0.007277642359106003,1.682706317762374
MSFT,2025-03-17,384.9132385253906,3.603327883536831e-4,1.5586663448100222
NVDA,2025-03-17,119.36272430419922,-0.017745041757320636,6.208281255088018
AAPL,2025-03-18,211.38980102539063,-0.0061402126739019585,1.6293156589134046
AMZN,2025-03-18,192.82000732421875,-0.015030126840267754,2.0305663048077722
GOOGL,2025-03-18,160.01922607421875,-0.02228054886339317,1.645214697426729
MSFT,2025-03-18,379.7836608886719,-0.013416177263012344,1.5377550008341594
NVDA,2025-03-18,115.26846313476563,-0.034903090677900976,5.991593051487768
AAPL,2025-03-19,213.92417907714844,0.01191782150446105,1.6487335521107578
AMZN,2025-03-19,195.5399932861328,0.014007778521538292,2.0590100278788177
GOOGL,2025-03-19,163.22618103027344,0.019842881664529653,1.6778604979805127
MSFT,2025-03-19,384.0417785644531,0.011149567865415448,1.5549003045763419
NVDA,2025-03-19,117.35552978515625,0.017944173562609855,6.099107237120191
AAPL,2025-03-20,212.79119873046875,-0.005310251600902525,1.6399783621262
AMZN,2025-03-20,194.9499969482422,-0.0030218279679656837,2.052788053790252
GOOGL,2025-03-20,162.14060974121094,-0.006672932505995641,1.6666642481230125
MSFT,2025-03-20,383.07135009765625,-0.0025300805010517132,1.5509662816346539
NVDA,2025-03-20,118.36412048339844,0.00855759672320247,6.151300937227031
AAPL,2025-03-21,216.9356689453125,0.019289455852471306,1.6716126523414414
AMZN,2025-03-21,196.2100067138672,0.006442448675219972,2.0660130354679
GOOGL,2025-03-21,163.3258056640625,0.00728309346620526,1.6788027196188753
MSFT,2025-03-21,387.4482421875,0.01136100681044706,1.5685868201230788
NVDA,2025-03-21,117.5352783203125,-0.00702711052246302,6.108075065684206
AAPL,2025-03-24,219.380615234375,0.011207337287178421,1.690346979149747
AMZN,2025-03-24,203.25999450683594,0.03530037223454001,2.1389440646613287
GOOGL,2025-03-24,167.00082397460938,0.022251732780837204,1.716158989127577
MSFT,2025-03-24,389.2505187988281,0.004640872205792014,1.5758664310989599
NVDA,2025-03-24,121.24009704589844,0.031034323089008616,6.297635040724568
AAPL,2025-03-25,222.38217163085938,0.013589205230334554,1.7133174511598888
AMZN,2025-03-25,205.7100067138672,0.011981521917604297,2.164571869852598
GOOGL,2025-03-25,169.86917114257813,0.017029812871864582,1.7453848555707883
MSFT,2025-03-25,391.31024169921875,0.005277558866266109,1.5841831589544573
NVDA,2025-03-25,120.5210952758789,-0.005948050495023446,6.260176389503109
AAPL,2025-03-26,220.17575073242188,-0.009971301239309248,1.6962334467358082
AMZN,2025-03-26,201.1300048828125,-0.022515953159889142,2.115834471019783
GOOGL,2025-03-26,164.39144897460938,-0.03277809152325519,1.6881744710315854
MSFT,2025-03-26,386.17083740234375,-0.013220846898658658,1.563238915950487
NVDA,2025-03-26,113.60079956054688,-0.059134257491441015,5.889985506944393
AAPL,2025-03-27,222.48158264160156,0.010418229142255594,1.7139051954626598
AMZN,2025-03-27,201.36000061035156,0.001142864416179142,2.1182525829472367
GOOGL,2025-03-27,161.58287048339844,-0.017232326748157237,1.6590832969388716
MSFT,2025-03-27,386.7748718261719,0.0015629417165446378,1.565682167265152
NVDA,2025-03-27,111.27405548095703,-0.020694417932847372,5.768095685245272
AAPL,2025-03-28,216.56793212890625,-0.026940051042638143,1.667732502014653
AMZN,2025-03-28,192.72000122070313,-0.043855989217514546,2.0253545205095302
GOOGL,2025-03-28,153.70492553710938,-0.049983444518333475,1.5761565990150337
MSFT,2025-03-28,375.109619140625,-0.0306244962516387,1.5177339396024827
NVDA,2025-03-28,109.51651763916016,-0.01592074281436386,5.67626331731184
AAPL,2025-03-31,220.7720947265625,0.019226651343855584,1.6997974133657046
AMZN,2025-03-31,190.25999450683594,-0.012846835734262254,1.999335123680899
GOOGL,2025-03-31,154.01365661621094,0.002006581341496644,1.5793192854378941
MSFT,2025-03-31,371.73291015625,-0.009042688013599356,1.5040095450990065
NVDA,2025-03-31,108.22832489013672,-0.011832269028448047,5.609100242665096
AAPL,2025-04-01,221.82559204101563,0.004760527836152876,1.7078893462678526
AMZN,2025-04-01,192.1699981689453,0.00998885850959942,2.01930619934462
GOOGL,2025-04-01,156.43382263183594,0.015591784159892685,1.6039436908559979
MSFT,2025-04-01,378.4665832519531,0.017952168718099622,1.5310097782062562
NVDA,2025-04-01,109.99585723876953,0.01619958874575572,5.6999653598299895
AAPL,2025-04-02,222.5213165283203,0.0031314499658217855,1.7132375163028504
AMZN,2025-04-02,196.00999450683594,0.019785262896236874,2.0592587033666545
GOOGL,2025-04-02,156.40391540527344,-1.911996093646367e-4,1.6036370174488632
MSFT,2025-04-02,378.4171142578125,-1.3071755772739113e-4,1.5308096483471922
NVDA,2025-04-02,110.26546478271484,0.0024480710105487763,5.713919279788521
AAPL,2025-04-03,201.94784545898438,-0.09701342837187407,1.5470304712309964
AMZN,2025-04-03,178.41000366210938,-0.0940813573992858,1.8655208493176263
GOOGL,2025-04-03,150.10952758789063,-0.04107665079747522,1.5377649796772115
MSFT,2025-04-03,369.47503662109375,-0.023913885891821262,1.4942020410945185
NVDA,2025-04-03,101.65754699707031,-0.0812809923803167,5.249486250346286
AAPL,2025-04-04,187.22840881347656,-0.07568016425522736,1.4299509510603927
AMZN,2025-04-04,171,-0.04242073641032032,1.7863840811007665
GOOGL,2025-04-04,145.01028442382813,-0.03456054459469499,1.484618984520917
MSFT,2025-04-04,356.3343200683594,-0.036213786729319,1.4400913270478084
NVDA,2025-04-04,94.17801666259766,-0.07642299666234827,4.8483047801570285
AAPL,2025-04-07,180.35072326660156,-0.037425891320497666,1.3764337621723641
AMZN,2025-04-07,175.25999450683594,0.024606997782102066,1.8303416302223954
GOOGL,2025-04-07,146.15560913085938,0.007867203128292085,1.4962987836402617
MSFT,2025-04-07,354.3736267089844,-0.005517592261388086,1.4321454902859976
NVDA,2025-04-07,97.50334930419922,0.0346999436663738,5.016540682905887
AAPL,2025-04-08,171.365966796875,-0.05110199135496103,1.3060952559571555
AMZN,2025-04-08,170.66000366210938,-0.026597259717812963,1.781659558511045
GOOGL,2025-04-08,144.11392211914063,-0.014067757466264225,1.4752492152549443
MSFT,2025-04-08,351.1058044433594,-0.009264184023110985,1.4188778309161194
NVDA,2025-04-08,96.16523742675781,-0.013818794195566005,4.947218139635127
AAPL,2025-04-09,197.63441467285156,0.14261750713681454,1.4923673054449846
AMZN,2025-04-09,191.10000610351563,0.11312358861813517,1.9832072814656168
GOOGL,2025-04-09,158.0671844482422,0.09241604804596983,1.6115859176117246
MSFT,2025-04-09,386.6857604980469,0.09652475960813527,1.5558346724586103
NVDA,2025-04-09,114.17000579833984,0.17162068141896455,5.79626308788757
AAPL,2025-04-10,189.25592041015625,-0.043318758103889396,1.4277198071382602
AMZN,2025-04-10,181.22000122070313,-0.053085113655140896,1.8779284975273116
GOOGL,2025-04-10,152.20103454589844,-0.037817917990539074,1.5506390935447767
MSFT,2025-04-10,377.6347961425781,-0.023684793984475577,1.5189850487675243
NVDA,2025-04-10,107.4194564819336,-0.06094729175802365,5.442996550363823
AAPL,2025-04-11,196.93865966796875,0.03979213263841825,1.4845318230744027
AMZN,2025-04-11,184.8699951171875,0.019941079422269643,1.915376418845847
GOOGL,2025-04-11,156.50352478027344,0.027876289600524972,1.5938651579823264
MSFT,2025-04-11,384.6656188964844,0.018446853729889506,1.5470055437800276
NVDA,2025-04-11,110.77476501464844,0.03075767108114559,5.610410447955724
AAPL,2025-04-14,201.28196716308594,0.021814438723068853,1.516916051561305
AMZN,2025-04-14,182.1199951171875,-0.014987065296594422,1.8866705473890473
GOOGL,2025-04-14,158.4257049560547,0.01220721269328613,1.6133218089702348
MSFT,2025-04-14,384.0318603515625,-0.0016489157454682107,1.5444546619805621
NVDA,2025-04-14,110.55506896972656,-0.0019852372644194064,5.599272452065754
AAPL,2025-04-15,200.90428161621094,-0.0018781629607924968,1.5140670360186308
AMZN,2025-04-15,179.58999633789063,-0.013989329016472998,1.8602772923559328
GOOGL,2025-04-15,155.67689514160156,-0.017503070587619997,1.5850837234672819
MSFT,2025-04-15,381.9721374511719,-0.005377851474534099,1.536148814199279
NVDA,2025-04-15,112.04297637939453,0.013368756833628433,5.674127763922656
AAPL,2025-04-16,193.0823974609375,-0.03971155612436417,1.4539410779417272
AMZN,2025-04-16,174.3300018310547,-0.029726389380639047,1.8049779652073992
GOOGL,2025-04-16,152.70895385742188,-0.019248826966109696,1.5545727211474634
MSFT,2025-04-16,367.98968505859375,-0.03729275929291932,1.478861586233242
NVDA,2025-04-16,104.3437728881836,-0.07119155886989582,5.270177763182046
AAPL,2025-04-17,195.7758331298828,0.013853268530124401,1.4740829141214327
AMZN,2025-04-17,172.61000061035156,-0.00991534732389348,1.7870809817703934
GOOGL,2025-04-17,150.54776000976563,-0.014253471319687894,1.5324146634522187
MSFT,2025-04-17,364.19696044921875,-0.010360086613941565,1.4635404521098343
NVDA,2025-04-17,101.34796905517578,-0.029131122723122637,5.116651567990117
AAPL,2025-04-21,191.97918701171875,-0.01958333100447006,1.445215460486159
AMZN,2025-04-21,167.32000732421875,-0.031126527586896723,1.7314553562912989
GOOGL,2025-04-21,147.07188415527344,-0.023358900991744782,1.4966191410503404
MSFT,2025-04-21,355.62139892578125,-0.02382814264423763,1.4286670014513492
NVDA,2025-04-21,96.774383544921875,-0.04617750731374333,4.880377352787377
AAPL,2025-04-22,198.5189666748047,0.03349768039031173,1.4936268260766614
AMZN,2025-04-22,173.17999267578125,0.03442328337941731,1.7910577346797243
GOOGL,2025-04-22,150.85650634765625,0.025407620803262143,1.5346446726730514
MSFT,2025-04-22,363.2463684082031,0.02121462611480269,1.4589756377296959
NVDA,2025-04-22,98.75160217285156,0.020225301724121302,4.9790844572750705
AAPL,2025-04-23,203.34925842285156,0.024040339983121307,1.5295341227834547
AMZN,2025-04-23,180.60000610351563,0.041953201051518486,1.8661983399176199
GOOGL,2025-04-23,154.7207794189453,0.025292973386195308,1.5734603995362373
MSFT,2025-04-23,370.7426452636719,0.020426838465949736,1.4887778974073567
NVDA,2025-04-23,102.56625366210938,0.0379013387731925,5.167798424070591
AAPL,2025-04-24,207.09620666503906,0.01825846624787424,1.5574610699392684
AMZN,2025-04-24,186.5399932861328,0.032360982528496264,1.9265903517904028
GOOGL,2025-04-24,158.63487243652344,0.024983092378551904,1.6127703060518443
MSFT,2025-04-24,383.5267639160156,0.033901263574109615,1.539249349310672
NVDA,2025-04-24,106.28105163574219,0.03557804883893737,5.351658608791959
AAPL,2025-04-25,208.00062561035156,0.004357635646223173,1.5642479178152404
AMZN,2025-04-25,188.99000549316406,0.013048475365695443,1.9517294185355263
GOOGL,2025-04-25,161.3040008544922,0.016685626952806946,1.6396803897391894
MSFT,2025-04-25,388.0325012207031,0.01167969520714389,1.5572273125584153
NVDA,2025-04-25,110.85464477539063,0.04213282083444497,5.5771390821233044
AAPL,2025-04-28,208.8553924560547,0.004101022927057976,1.5706629343898035
AMZN,2025-04-28,187.6999969482422,-0.0068492053390797475,1.9383616229816538
GOOGL,2025-04-28,159.95945739746094,-0.008370396774210052,1.6259556142941811
MSFT,2025-04-28,387.3492126464844,-0.0017624577388687202,1.5544827652302189
NVDA,2025-04-28,108.57784271240234,-0.020752476537113186,5.461399634177324
AAPL,2025-04-29,209.91883850097656,0.00507886231892781,1.5786401151830123
AMZN,2025-04-29,187.38999938964844,-0.0016529240033086564,1.935157658527935
GOOGL,2025-04-29,159.51129150390625,-0.00280567901184389,1.621393704752966
MSFT,2025-04-29,390.201171875,0.0073357870430896185,1.5658861197581009
NVDA,2025-04-29,108.867431640625,0.00266355845435312,5.475946391345538
AAPL,2025-04-30,211.20095825195313,0.006089116314766413,1.588252638463518
AMZN,2025-04-30,184.4199981689453,-0.01597624814818092,1.90424109956944
GOOGL,2025-04-30,158.1568145751953,-0.0085276747086054875,1.6075669866642521
MSFT,2025-04-30,391.4093017578125,0.00309138857707487,1.5707268822217213
NVDA,2025-04-30,108.76756286621094,-9.177639988480709e-4,5.470920764887939
AAPL,2025-05-01,212.01596069335938,0.003851469127951115,1.5943697444679472
AMZN,2025-05-01,190.1999969482422,0.030860378884021808,1.9630067013886794
GOOGL,2025-05-01,160.64669799804688,0.01562049320057825,1.6326779758489152
MSFT,2025-05-01,421.25567626953125,0.07348613637046902,1.6861535320894285
NVDA,2025-05-01,111.45381164550781,0.024397105195318364,5.604395394304162
AAPL,2025-05-02,204.09466552734375,-0.03807762521706469,1.5336599308806695
AMZN,2025-05-02,189.97999572753906,-0.0011573530932636395,1.96073480951073
GOOGL,2025-05-02,163.3656005859375,0.016783106193905557,1.6600793836980385
MSFT,2025-05-02,431.0393981933594,0.022959540647889354,1.7248668426480178
NVDA,2025-05-02,114.33976745605469,0.025564172295181965,5.7476671237744785
AAPL,2025-05-05,197.67416381835938,-0.03196389504538142,1.4846381858146929
AMZN,2025-05-05,186.35000610351563,-0.019292122294797282,1.9229080737779831
GOOGL,2025-05-05,163.54489135742188,0.0010968799954668245,1.661900291564904
MSFT,2025-05-05,431.9207458496094,0.0020426156845589198,1.7283900827145864
NVDA,2025-05-05,113.66072082519531,-0.005956554248827417,5.713430832747513
AAPL,2025-05-06,197.29644775390625,-0.0019126292869979897,1.481798623339908
AMZN,2025-05-06,185.00999450683594,-0.00721681069789819,1.9090308102200673
GOOGL,2025-05-06,162.56886291503906,-0.0059858337397237634,1.651952432727598
MSFT,2025-05-06,429.08856201171875,-0.006578776853721059,1.7170193900442225
NVDA,2025-05-06,113.38111114501953,-0.0024630687579338803,5.699358259762757
AAPL,2025-05-07,195.05027770996094,-0.011450048837905163,1.4648319567347257
AMZN,2025-05-07,188.7100067138672,0.019801632738363693,1.946832737210266
GOOGL,2025-05-07,150.76686096191406,-0.0753670072590027,1.52744972173869
MSFT,2025-05-07,429.12823486328125,9.245414849764921e-5,1.7171781356098832
NVDA,2025-05-07,116.89617919921875,0.030531374558073913,5.873367501532226
AAPL,2025-05-08,196.28273010253906,0.006298760609013106,1.4740585825626298
AMZN,2025-05-08,192.0800018310547,0.01770048072706834,1.9812926125540822
GOOGL,2025-05-08,153.65513610839844,0.018976038812499863,1.5564346669425453
MSFT,2025-05-08,433.9012756347656,0.011061242701173424,1.7361722597290123
NVDA,2025-05-08,117.20574951171875,0.002644749615268537,5.8889010879722345
AAPL,2025-05-09,197.31634521484375,0.005252133722544964,1.481800535353114
AMZN,2025-05-09,193.05999755859375,0.005089047328858073,1.9913755044316868
GOOGL,2025-05-09,152.13131713867188,-0.009966638923537406,1.5409222446090527
MSFT,2025-05-09,434.4557800292969,0.0012771347138463363,1.7383895855911293
NVDA,2025-05-09,116.48676300048828,-0.006153288970022832,5.85266497786206
AAPL,2025-05-12,209.77613830566406,0.061232699986702215,1.5725351829745258
AMZN,2025-05-12,208.63999938964844,0.07760926703827985,2.1459246977286144
GOOGL,2025-05-12,157.8181915283203,0.03669960753059422,1.5974734862213675
MSFT,2025-05-12,444.88323974609375,0.02371769770301294,1.7796201842722457
NVDA,2025-05-12,122.82787322998047,0.05300632642014118,6.162893248106345
AAPL,2025-05-13,211.9058380126953,0.010101061627642191,1.588419457769387
AMZN,2025-05-13,211.3699951171875,0.012999853383055317,2.173821404170164
GOOGL,2025-05-13,158.88385009765625,0.006729748793484232,1.608224081487889
MSFT,2025-05-13,444.7643737792969,-2.6722033689981065e-4,1.7791446335670504
NVDA,2025-05-13,129.74818420410156,0.05481155671768776,6.50069102091998
AAPL,2025-05-14,211.3087158203125,-0.002821843356779967,1.5839371868747005
AMZN,2025-05-14,210.25,-0.005312830342904736,2.1622722598540327
GOOGL,2025-05-14,164.70018005371094,0.035953297662503006,1.6660450405976284
MSFT,2025-05-14,448.5273742675781,0.008425069984573786,1.794134051617532
NVDA,2025-05-14,135.15060424804688,0.04079421628153028,6.765881616406792
AAPL,2025-05-15,210.43296813964844,-0.004153011061869557,1.5773590782163034
AMZN,2025-05-15,205.1699981689453,-0.024458403999516362,2.1093865313655757
GOOGL,2025-05-15,163.2958984375,-0.008562847477303381,1.6517789510246732
MSFT,2025-05-15,449.539306640625,0.002253580547698796,1.7981772772162212
NVDA,2025-05-15,134.6413116455078,-0.0037754519501330976,6.740337355463759
AAPL,2025-05-16,210.24388122558594,-8.989652132360543e-4,1.5759410872762047
AMZN,2025-05-16,205.58999633789063,0.002044981599618388,2.113700188008701
GOOGL,2025-05-16,165.51686096191406,0.013509185623782186,1.6740931394835217
MSFT,2025-05-16,450.67022705078125,0.0025125728239717058,1.8026953285756382
NVDA,2025-05-16,135.2105255126953,0.004218720297788113,6.768772953479194
AAPL,2025-05-19,207.7758026123047,-0.011808569730999505,1.5573314770551565
AMZN,2025-05-19,206.16000366210938,0.0027687076543830617,2.1195524058983115
GOOGL,2025-05-19,165.86544799804688,0.002103836899447901,1.6776151584034797
MSFT,2025-05-19,455.2337646484375,0.010075187311025408,1.8208578216757483
NVDA,2025-05-19,135.3802947998047,0.0012548046470235927,6.7772664412358665
AAPL,2025-05-20,205.86505126953125,-0.009238763124080937,1.542943660432969
AMZN,2025-05-20,204.07000732421875,-0.010189475975831261,2.097955277578895
GOOGL,2025-05-20,163.3157958984375,-0.015491180829823616,1.6516269186217982
MSFT,2025-05-20,454.5393371582031,-0.0015265951998768902,1.8180781088655198
NVDA,2025-05-20,134.19192504882813,-0.008816764945795705,6.71751287604846
AAPL,2025-05-21,201.1179656982422,-0.0233292332739205,1.5069479678502116
AMZN,2025-05-21,201.1199951171875,-0.01456138756787949,2.0674061376819908
GOOGL,2025-05-21,167.87728881835938,0.027547564192268063,1.69712521718421
MSFT,2025-05-21,448.9837341308594,-0.01229780006935159,1.7957197477722269
NVDA,2025-05-21,131.6155548095703,-0.019385842157549956,6.587288231742075
AAPL,2025-05-22,200.3914794921875,-0.003618779122478993,1.501494656005493
AMZN,2025-05-22,203.10000610351563,0.009796778074282274,2.08766005680227
GOOGL,2025-05-22,170.17791748046875,0.013611174374980996,1.7202250844514817
MSFT,2025-05-22,451.2555847167969,0.005047225468213278,1.8047831502169562
NVDA,2025-05-22,132.64410400390625,0.007784422282878386,6.638566465036992
AAPL,2025-05-23,194.33079528808594,-0.030711013472803285,1.4553822333955662
AMZN,2025-05-23,200.99000549316406,-0.010443315729919826,2.0658579636923418
GOOGL,2025-05-23,167.7876434326172,-0.014145310528390504,1.6958919664531886
MSFT,2025-05-23,446.6126403808594,-0.010342243084145228,1.7861176441632431
NVDA,2025-05-23,131.10626220703125,-0.011661475557530044,6.561150984467924
AAPL,2025-05-27,199.2470245361328,0.024983546909580736,1.4917428436949747
AMZN,2025-05-27,206.02000427246094,0.02471808928544102,2.1169220252899286
GOOGL,2025-05-27,172.19969177246094,0.025955649392530165,1.7399099437420562
MSFT,2025-05-27,457.03936767578125,0.023077888304662165,1.8273374676542287
NVDA,2025-05-27,135.31036376953125,0.031562974414774195,6.768240425122157
AAPL,2025-05-28,199.45602416992188,0.0010483975661115467,1.4933067832615687
AMZN,2025-05-28,204.72000122070313,-0.006330074379308311,2.103521751414647
GOOGL,2025-05-28,171.66188049316406,-0.003128071068167838,1.7344673817858192
MSFT,2025-05-28,453.7357177734375,-0.007254621792452919,1.8140808254392184
NVDA,2025-05-28,134.621337890625,-0.005105197879147071,6.7336872184582655
AAPL,2025-05-29,198.98826599121094,-0.0023479236879401554,1.4898006128917873
AMZN,2025-05-29,205.6999969482422,0.004775584008620333,2.113567296252488
GOOGL,2025-05-29,171.16390991210938,-0.002905096087945846,1.7294285873803235
MSFT,2025-05-29,455.0453186035156,0.002882106215199037,1.8193091990610903
NVDA,2025-05-29,138.99520874023438,0.031973530233375014,6.948986970319731
AAPL,2025-05-30,199.8839569091797,0.0044911245861008154,1.4964914930527335
AMZN,2025-05-30,205.00999450683594,-0.003360050181079145,2.106465604075992
GOOGL,2025-05-30,171.04440307617188,-6.984449895569352e-4,1.728220676648671
MSFT,2025-05-30,456.7119445800781,0.003655858637175848,1.8259603363101713
NVDA,2025-05-30,134.94090270996094,-0.029602538151327566,6.7432793184177635
AAPL,2025-06-02,200.7298583984375,0.004223033325793962,1.5028112264996625
AMZN,2025-06-02,206.64999389648438,0.007967779780350723,2.1232494581241528
GOOGL,2025-06-02,168.34535217285156,-0.01590565280200409,1.7007321986006527
MSFT,2025-06-02,458.3092346191406,0.0034912670828017084,1.8323352515268325
NVDA,2025-06-02,137.18772888183594,0.01651334676449705,6.854633428132658
AAPL,2025-06-03,202.29229736328125,0.007753652101768954,1.5144635019245736
AMZN,2025-06-03,205.7100067138672,-0.00455906882030232,2.1135694177218953
GOOGL,2025-06-03,165.5069122314453,-0.017004577411235264,1.6718119662737676
MSFT,2025-06-03,459.30126953125,0.002162214347191373,1.8362971530965484
NVDA,2025-06-03,141.02236938476563,0.027568254258733715,7.043603705329834
AAPL,2025-06-04,201.84446716308594,-0.0022162318442874823,1.5111070996845972
AMZN,2025-06-04,207.22999572753906,0.007361824330479417,2.1291291444854377
GOOGL,2025-06-04,167.36935424804688,0.011190112594248293,1.6905197304127828
MSFT,2025-06-04,460.19415283203125,0.0019421164254099484,1.8398634559595106
NVDA,2025-06-04,141.7213897705078,0.004944560488316775,7.0784312299065695
AAPL,2025-06-05,199.66502380371094,-0.010856354901755575,1.4947019847158587
AMZN,2025-06-05,207.91000366210938,0.003276044436817532,2.1361042661744953
GOOGL,2025-06-05,167.5286865234375,9.51527139694515e-4,1.6921283058164596
MSFT,2025-06-05,463.9739685058594,0.008179976484342917,1.854913495763661
NVDA,2025-06-05,139.79409790039063,-0.013692475659628582,6.981509982582718
AAPL,2025-06-06,202.9391632080078,0.01626516411034195,1.519013557793316
AMZN,2025-06-06,213.57000732421875,0.0268593707089079,2.193478682532556
GOOGL,2025-06-06,172.97653198242188,0.03200133258743201,1.7462786665115
MSFT,2025-06-06,466.652587890625,0.005756609379951794,1.8655915081923733
NVDA,2025-06-06,141.52166748046875,0.012282221688510052,7.067258435909346
AAPL,2025-06-09,200.48106384277344,-0.012186447883674158,1.5005021782366732
AMZN,2025-06-09,216.97999572753906,0.015840481625608374,2.2282244412993766
GOOGL,2025-06-09,175.58908081054688,0.014990565080098495,1.7724563705098284
MSFT,2025-06-09,469.0038146972656,0.00502584442172111,1.874967680867032
NVDA,2025-06-09,142.43040466308594,0.00640065964806912,7.1124935518025465
AAPL,2025-06-10,201.69517517089844,0.006037726243510588,1.5095617996166575
AMZN,2025-06-10,217.61000061035156,0.0028993089092673027,2.234684752273883
GOOGL,2025-06-10,178.09194946289063,0.014153489836623307,1.7975428137356975
MSFT,2025-06-10,467.1883239746094,-0.003878462387048046,1.8676956892398586
NVDA,2025-06-10,143.75852966308594,0.009281522624728413,7.178508321621837
AAPL,2025-06-11,197.8238983154297,-0.01938029136132809,1.4803060521121558
AMZN,2025-06-11,213.1999969482422,-0.02047379463536856,2.188932275581038
GOOGL,2025-06-11,176.84548950195313,-0.00702357625964986,1.7849176347034392
MSFT,2025-06-11,468.87481689453125,0.0036033781720918234,1.8744257031185756
NVDA,2025-06-11,142.64002990722656,-0.007810831479640821,7.12243820284645
AAPL,2025-06-12,198.2418670654297,0.002110603549674121,1.4834303913203477
AMZN,2025-06-12,213.24000549316406,1.8763973740831241e-4,2.1893430062584325
GOOGL,2025-06-12,175.2001953125,-0.00934711737326995,1.7682338000702467
MSFT,2025-06-12,475.0752868652344,0.013137472257592417,1.8990509187922138
NVDA,2025-06-12,144.80712890625,0.015078528293546032,7.229834088807102
AAPL,2025-06-13,195.50509643554688,-0.013901388234192515,1.4628086495322035
AMZN,2025-06-13,212.10000610351563,-0.005360427367806205,2.1776071920901696
GOOGL,2025-06-13,174.17312622070313,-0.005879510467408793,1.7578374509339076
MSFT,2025-06-13,471.1962890625,-0.008198533336373638,1.8834814865270249
NVDA,2025-06-13,141.78115844726563,-0.021117980385975357,7.077154594325818
AAPL,2025-06-16,197.46563720703125,0.009978132568544603,1.4774047481596495
AMZN,2025-06-16,216.10000610351563,0.01868340140955021,2.218292301372314
GOOGL,2025-06-16,176.26715087890625,0.011950964077677624,1.7788453031644151
MSFT,2025-06-16,475.3431701660156,0.008762249888579429,1.8999850219724874
NVDA,2025-06-16,144.49754333496094,0.018977775134110173,7.211463242806269
AAPL,2025-06-17,194.69898986816406,-0.014109856158534077,1.4565587796751815
AMZN,2025-06-17,214.82000732421875,-0.0059407894922023025,2.205113893777688
GOOGL,2025-06-17,175.44947814941406,-0.004649619239519016,1.7705743498186939
MSFT,2025-06-17,474.25189208984375,-0.0022984082372658823,1.895618080747304
NVDA,2025-06-17,143.92828369140625,-0.003947360668708717,7.182996996437777
AAPL,2025-06-18,195.6344757080078,0.00479327402565838,1.4635404650406434
AMZN,2025-06-18,212.52000427246094,-0.010764380578029788,2.181377208607164
GOOGL,2025-06-18,172.8269805908203,-0.01506014580969908,1.7439092419435112
MSFT,2025-06-18,476.4344177246094,0.004591481851612015,1.9043217767626428
NVDA,2025-06-18,145.2864990234375,0.0093925027228024,7.2504633152847
AAPL,2025-06-20,200.03321838378906,0.022235446429915134,1.4960829406490674
AMZN,2025-06-20,209.69000244140625,-0.013405860444963278,2.1521339701707527
GOOGL,2025-06-20,166.1659698486328,-0.03930387462377343,1.6753668517429239
MSFT,2025-06-20,473.6169738769531,-0.005931157265893952,1.893026944819797
NVDA,2025-06-20,143.65866088867188,-0.01126757310977725,7.168768189799971
AAPL,2025-06-23,200.5308380126953,0.002484595794119244,1.4998001020310578
AMZN,2025-06-23,208.47000122070313,-0.005835109391705959,2.1395760330292
GOOGL,2025-06-23,164.72007751464844,-0.008739573932582831,1.660724859277918
MSFT,2025-06-23,482.1488037109375,0.017853864758579384,1.926824791876956
NVDA,2025-06-23,143.9782257080078,0.0022220025713612103,7.1846972111512
AAPL,2025-06-24,199.3365936279297,-0.0059732193276430465,1.4908414670740049
AMZN,2025-06-24,212.77000427246094,0.02041663831593163,2.183258983044993
GOOGL,2025-06-24,166.29562377929688,0.009519537331194072,1.6765341915726562
MSFT,2025-06-24,486.2261962890625,0.008421152289271351,1.9430508768840957
NVDA,2025-06-24,147.70326232910156,0.025543199048136216,7.368217362116225
AAPL,2025-06-25,200.5905303955078,0.006270846868604022,1.500190305619391
AMZN,2025-06-25,211.99000549316406,-0.0036726605052767557,2.175240614005173
GOOGL,2025-06-25,170.19447326660156,0.023174672982998794,1.7153873232071684
MSFT,2025-06-25,488.3691101074219,0.004397553030850552,1.9515955461568344
NVDA,2025-06-25,154.10475158691406,0.04242729945917625,7.680830926619032
AAPL,2025-06-26,200.03321838378906,-0.0027822233350803093,1.4960164411440355
AMZN,2025-06-26,217.1199951171875,0.023911043937020576,2.2272528879002422
GOOGL,2025-06-26,173.0463409423828,0.016617681728938904,1.7438930837860818
MSFT,2025-06-26,493.5080871582031,0.010467752973181617,1.9720243662375656
NVDA,2025-06-26,154.81381225585938,0.004590607345405823,7.71609060548959
AAPL,2025-06-27,200.11282348632813,3.978802500067327e-4,1.496611676539652
AMZN,2025-06-27,223.3000030517578,0.028065998915184062,2.2897629650358913
GOOGL,2025-06-27,178.0221405029297,0.028348502057980295,1.7933298404606892
MSFT,2025-06-27,492.0100402832031,-0.0030401227274794345,1.9660291701426234
NVDA,2025-06-27,157.5401611328125,0.01745723344614839,7.850792200481255
AAPL,2025-06-30,204.18316650390625,0.020136141089457073,1.5267476604145835
AMZN,2025-06-30,219.38999938964844,-0.017665207343808734,2.249313827490358
GOOGL,2025-06-30,175.7286834716797,-0.012966692993759405,1.7700762829828878
MSFT,2025-06-30,493.4684143066406,0.002959730030135589,1.9718480857176173
NVDA,2025-06-30,157.77984619140625,0.0015202657566272548,7.862727491026043
AAPL,2025-07-01,206.8204345703125,0.012833484940532585,1.5463411535225073
AMZN,2025-07-01,220.4600067138672,0.004865337820140418,2.2602574991246116
GOOGL,2025-07-01,175.33978271484375,-0.002215527473253182,1.7661546303481854
MSFT,2025-07-01,488.1508483886719,-0.010834379756567498,1.9504843347346918
NVDA,2025-07-01,153.09609985351563,-0.030134855001331496,7.62578533816899
AAPL,2025-07-02,211.41819763183594,0.02198720028903559,1.580340866180185
AMZN,2025-07-02,219.9199981689453,-0.002452467458083949,2.254714291161118
GOOGL,2025-07-02,178.1318359375,0.015798220541673395,1.7940567307091237
MSFT,2025-07-02,487.198486328125,-0.0019528641263497069,1.9466753038483815
NVDA,2025-07-02,157.0408477783203,0.025440120604468992,7.819786236875801
AAPL,2025-07-03,212.5228729248047,0.0052114686209139265,1.588576763014631
AMZN,2025-07-03,223.41000366210938,0.015744829251554494,2.29021438268649
GOOGL,2025-07-03,179.01930236816406,0.0049697070065429045,1.8029726670138642
MSFT,2025-07-03,494.8870849609375,0.015658015846364143,1.9771563766037652
NVDA,2025-07-03,159.1280517578125,0.013203286621560333,7.923033115880605
AAPL,2025-07-07,208.94015502929688,-0.017001748476126295,1.5615681804548371
AMZN,2025-07-07,223.47000122070313,2.6851753624536286e-4,2.2908293454100024
GOOGL,2025-07-07,176.28707885742188,-0.01537983842369802,1.775243238712847
MSFT,2025-07-07,493.77593994140625,-0.002247773931827168,1.9727121760412893
NVDA,2025-07-07,158.02951049804688,-0.006927444170970858,7.868146746305588
AAPL,2025-07-08,208.99989318847656,2.858695156938102e-4,1.5620145851943066
AMZN,2025-07-08,219.36000061035156,-0.018562963722362966,2.248304763377032
GOOGL,2025-07-08,173.86399841308594,-0.013840420786285498,1.750673125291053
MSFT,2025-07-08,492.68463134765625,-0.0022125750804845453,1.968347402239612
NVDA,2025-07-08,159.7871856689453,0.011061049419724613,7.955176706308119
AAPL,2025-07-09,210.12445068359375,0.005366236584285254,1.5703967250065634
AMZN,2025-07-09,222.5399932861328,0.014392611963869897,2.2806637414128383
GOOGL,2025-07-09,176.11758422851563,0.012878488895307412,1.7732191496944272
MSFT,2025-07-09,499.5200500488281,0.013778461175865961,1.995468200501987
NVDA,2025-07-09,162.66334533691406,0.01783985865536264,8.09709593432709
AAPL,2025-07-10,211.38833618164063,0.005996920260517435,1.5798142689438055
AMZN,2025-07-10,222.25999450683594,-0.0012589875178302516,2.2777924142300314
GOOGL,2025-07-10,177.11473083496094,0.005645855221326444,1.7832304882892855
MSFT,2025-07-10,497.50616455078125,-0.004039789942178914,1.9874069281356614
NVDA,2025-07-10,163.88174438476563,0.007462397937179116,8.157519686324553
AAPL,2025-07-11,210.14434814453125,-0.005902231047290831,1.5704898401166925
AMZN,2025-07-11,225.02000427246094,0.01234146308748988,2.3059037052312155
GOOGL,2025-07-11,179.6774139404297,0.014365378909424112,1.8088472699363984
MSFT,2025-07-11,499.33154296875,0.0036623423140550496,1.994685492623819
NVDA,2025-07-11,164.7006378173828,0.00498441287409263,8.198180132469734
AAPL,2025-07-14,207.61654663085938,-0.01210181419919458,1.5514840638698775
AMZN,2025-07-14,225.69000244140625,0.0029730809278073135,2.3127593435585987
GOOGL,2025-07-14,181.04351806640625,0.007574335370834036,1.8225480857935141
MSFT,2025-07-14,499.033935546875,-5.961893456745816e-4,1.993496282385145
NVDA,2025-07-14,163.85177612304688,-0.005167294757861245,8.15581771924722
AAPL,2025-07-15,208.10421752929688,0.0023461475306273865,1.5551240743751336
AMZN,2025-07-15,226.35000610351563,0.0029201137891530816,2.3195128640087166
GOOGL,2025-07-15,181.48226928710938,0.0024205253817901735,1.8269596096947105
MSFT,2025-07-15,501.8117370605469,0.005550923029067078,2.0045620268073963
NVDA,2025-07-15,170.4729461669922,0.039614395606997935,8.478905508876043
AAPL,2025-07-16,209.14918518066406,0.005008801985876881,1.5629133829271489
AMZN,2025-07-16,223.19000244140625,-0.014059063272129654,2.286902685893099
GOOGL,2025-07-16,182.44952392578125,0.00531559448355497,1.8366709861176813
MSFT,2025-07-16,501.61334228515625,-3.9543515915554863e-4,2.0037693525032885
NVDA,2025-07-16,171.14205932617188,0.003917357282829712,8.512120411121662
AAPL,2025-07-17,209.0098419189453,-6.664606422246865e-4,1.5618717626702217
AMZN,2025-07-17,223.8800048828125,0.003086778258328562,2.2939618473828274
GOOGL,2025-07-17,183.05776977539063,0.003328231318822536,1.8427838520160509
MSFT,2025-07-17,507.6451721191406,0.011953135030171183,2.027720678143079
NVDA,2025-07-17,172.7698974609375,0.009466668777072643,8.592701835644311
AAPL,2025-07-18,210.16424560546875,0.005508005572943266,1.570474561043232
AMZN,2025-07-18,226.1300048828125,0.009999860894734277,2.3169011467544833
GOOGL,2025-07-18,184.5335693359375,0.008029609693247886,1.85758068709676
MSFT,2025-07-18,506.0082092285156,-0.0032298305195573285,2.021171484011675
NVDA,2025-07-18,172.18067932128906,-0.003416250050641185,8.563347017563146
AAPL,2025-07-21,211.45799255371094,0.006137015041786378,1.5801125870470971
AMZN,2025-07-21,229.3000030517578,0.013921126445029842,2.349155020579087
GOOGL,2025-07-21,189.55923461914063,0.026870164870149666,1.9074941864186556
MSFT,2025-07-21,506.0181579589844,1.9661010407750972e-5,2.0212112222852583
NVDA,2025-07-21,171.15206909179688,-0.0059919323850260225,8.512036021244393
AAPL,2025-07-22,213.36878967285156,0.00899571347505903,1.5943268271385072
AMZN,2025-07-22,227.47000122070313,-0.008012836242670535,2.3303316260905396
GOOGL,2025-07-22,190.79571533203125,0.006501743010437561,1.9198962234126533
MSFT,2025-07-22,501.26611328125,-0.009435429636930838,2.0021402260160106
NVDA,2025-07-22,166.80783081054688,-0.025710018122363634,8.293191420879989
AAPL,2025-07-23,213.11997985839844,-0.001166782623390942,1.592466594300596
AMZN,2025-07-23,228.2899932861328,0.003598354221935051,2.3387169847357914
GOOGL,2025-07-23,189.68885803222656,-0.0058181618895554645,1.9087259563736925
MSFT,2025-07-23,501.861328125,0.0011867184348362016,2.0045162027313506
NVDA,2025-07-23,170.55284118652344,0.02220273156305301,8.477322923798802
AAPL,2025-07-24,212.73184204101563,-0.0018228778410747772,1.5895637222331935
AMZN,2025-07-24,232.22999572753906,0.01711152033504944,2.378735987978023
GOOGL,2025-07-24,191.62332153320313,0.010146437489978769,1.928092724975538
MSFT,2025-07-24,506.8316650390625,0.009855084104650864,2.024270878498404
NVDA,2025-07-24,173.50892639160156,0.01718387931526482,8.622996217837887
AAPL,2025-07-25,212.8512725830078,5.612560321282327e-4,1.590455874460749
AMZN,2025-07-25,231.44000244140625,-0.0034075702705456917,2.370630277943912
GOOGL,2025-07-25,192.63046264648438,0.005242074176201889,1.938199930058455
MSFT,2025-07-25,509.6392517089844,0.005524198997792547,2.0354533536566652
NVDA,2025-07-25,173.26922607421875,-0.0013824420820837484,8.6110754249927
AAPL,2025-07-28,213.0204620361328,7.94555957921764e-4,1.5917195806516133
AMZN,2025-07-28,232.7899932861328,0.00581605955069594,2.3844180048131167
GOOGL,2025-07-28,192.0321807861328,-0.0031106859633964292,1.932170798741766
MSFT,2025-07-28,508.4388122558594,-0.002358247470310243,2.03065325093447
NVDA,2025-07-28,176.51490783691406,0.018558731547405234,8.770886062139597
AAPL,2025-07-29,210.2538299560547,-0.013072712105562628,1.5709114888209679
AMZN,2025-07-29,231.00999450683594,-0.007675754918146071,2.366115796585756
GOOGL,2025-07-29,195.1931610107422,0.016326671315405206,1.9637167162980464
MSFT,2025-07-29,508.5082702636719,1.3660102696481688e-4,2.030930640253957
NVDA,2025-07-29,175.2765350341797,-0.007040409555520836,8.709135432097325
AAPL,2025-07-30,208.0445098876953,-0.01056346823372082,1.5543172152108207
AMZN,2025-07-30,230.19000244140625,-0.0035559103854630675,2.3577021008514687
GOOGL,2025-07-30,195.970947265625,0.003976782447419425,1.9715259904671247
MSFT,2025-07-30,509.1729431152344,0.001306249810519561,2.033583543017967
NVDA,2025-07-30,179.0315704345703,0.021197234515832816,8.893745018281642
AAPL,2025-07-31,206.57164001464844,-0.007104769406521191,1.5432741498121616
AMZN,2025-07-31,234.11000061035156,0.016886027515609428,2.397514323400057
GOOGL,2025-07-31,191.35411071777344,-0.023840725649708988,1.9245233802171273
MSFT,2025-07-31,529.2723388671875,0.038715388453730314,2.112314519839021
NVDA,2025-07-31,177.6334228515625,-0.007840156848046518,8.82401666237178
AAPL,2025-08-01,201.40660095214844,-0.025321522166154024,1.5041960992192405
AMZN,2025-08-01,214.75,-0.08631653211497635,2.1905692013081803
GOOGL,2025-08-01,188.59201049804688,-0.014539687207710155,1.8965414122448454
MSFT,2025-08-01,519.956787109375,-0.017757411249698596,2.07480528222153
NVDA,2025-08-01,173.4889373779297,-0.02360816874042725,8.615697788038167
AAPL,2025-08-04,202.37191772460938,0.004781426286450602,1.5113883019880237
AMZN,2025-08-04,211.64999389648438,-0.014540622735209995,2.1587169609765877
GOOGL,2025-08-04,194.48516845703125,0.030769898281728103,1.9548977985867042
MSFT,2025-08-04,531.39544677734375,0.02176075852665137,2.1199546189577734
NVDA,2025-08-04,179.7605743408203,0.035511987070790445,8.921658336492817
AAPL,2025-08-05,201.94398498535156,-0.0021168244740552033,1.5081889582405745
AMZN,2025-08-05,213.75,0.009873169687714855,2.180030339840058
GOOGL,2025-08-05,194.11622619628906,-0.0018988216546357182,1.9511857963141481
MSFT,2025-08-05,523.56793212890625,-0.014839677755221435,2.088495175556747
NVDA,2025-08-05,178.02288818359375,-0.009713695587568768,8.83499606327583
AAPL,2025-08-06,212.2243194580078,0.049653469025324734,1.5830757719629098
AMZN,2025-08-06,222.30999755859375,0.03926568541504039,2.2656307253594608
GOOGL,2025-08-06,195.53219604492188,0.007267967741308814,1.9653669517390593
MSFT,2025-08-06,520.78021240234375,-0.005338691627633824,2.0773453438486484
NVDA,2025-08-06,179.18133544921875,0.0064862129302731926,8.892301728980362
AAPL,2025-08-07,218.9716796875,0.031298579040477045,1.632623794138755
AMZN,2025-08-07,223.1300048828125,0.003681789897764909,2.273972301676155
GOOGL,2025-08-07,195.96096801757813,0.0021904451135033717,1.9696719801747369
MSFT,2025-08-07,516.71270751953125,-0.007841066950261004,2.0610567399287185
NVDA,2025-08-07,180.52955627441406,0.007496170783500993,8.95895994139922
AAPL,2025-08-08,228.2468719482422,0.041485409923810924,1.7003538614899687
AMZN,2025-08-08,222.69000244140625,-0.0019739023688590293,2.269483702363156
GOOGL,2025-08-08,200.84701538085938,0.02462800412242237,2.0181810698223
MSFT,2025-08-08,517.90325927734375,0.0023014380630326965,2.0658001343600603
NVDA,2025-08-08,182.4569854736328,0.010619938166415209,9.054103542012271
AAPL,2025-08-11,226.34388732910156,-0.008372346759315892,1.686117909348033
AMZN,2025-08-11,221.3000030517578,-0.006261419913672536,2.255273511915424
GOOGL,2025-08-11,200.42822265625,-0.0020873098410447806,2.01396850061425
MSFT,2025-08-11,517.6353759765625,-5.173796469529041e-4,2.06473133141587
NVDA,2025-08-11,181.81784057617188,-0.003509139296085911,9.022331431482165
AAPL,2025-08-12,228.80479431152344,0.010813745321400513,1.704351159001575
AMZN,2025-08-12,221.47000122070313,7.678847964323423e-4,2.2570053021570207
GOOGL,2025-08-12,202.76156616210938,0.011574546877795766,2.037279273435013
MSFT,2025-08-12,525.04620361328125,0.014215178582476768,2.094081856016781
NVDA,2025-08-12,182.9163818359375,0.006023808648001382,9.076680229584262
AAPL,2025-08-13,232.47125244140625,0.015897358524516476,1.7314458404278983
AMZN,2025-08-13,224.55999755859375,0.013855775538096454,2.2882778610120016
GOOGL,2025-08-13,201.385498046875,-0.006809765824299073,2.0234058786642226
MSFT,2025-08-13,516.45477294921875,-0.016498545349907873,2.059532551548869
NVDA,2025-08-13,181.3484649658203,-0.008608717349844527,8.998541655012849
AAPL,2025-08-14,231.92327880859375,-0.002359949785194589,1.7273597151887043
AMZN,2025-08-14,230.97999572753906,0.028188187008165968,2.352780265284854
GOOGL,2025-08-14,202.3627166748047,0.004840742326743626,2.0332006651452543
MSFT,2025-08-14,518.33966064453125,0.0036430226501918397,2.0670354752829687
NVDA,2025-08-14,181.77789306640625,0.0023651728456153295,9.019824761385424
AAPL,2025-08-15,230.73764038085938,-0.005125313048940034,1.7185064559002343
AMZN,2025-08-15,231.02999877929688,2.1645874568753922e-4,2.3532895451499556
GOOGL,2025-08-15,203.31996154785156,0.004719189164232978,2.0427957236929193
MSFT,2025-08-15,516.04803466796875,-0.004430891311253298,2.0578766657554852
NVDA,2025-08-15,180.20997619628906,-0.008662868613232049,8.941687204563165
AAPL,2025-08-18,230.0402374267578,-0.0030270701794710185,1.7133044162543503
AMZN,2025-08-18,231.49000549316406,0.001989132843084511,2.357970550673501
GOOGL,2025-08-18,202.92111206054688,-0.0019636104833900105,2.038784468594452
MSFT,2025-08-18,513.0023193359375,-0.0059194853074818615,2.045695095067936
NVDA,2025-08-18,181.7678985595703,0.008607885130718085,9.018656220894856
AAPL,2025-08-19,229.71144104003906,-0.0014303218810211283,1.7108538394589317
AMZN,2025-08-19,228.00999450683594,-0.015147236228621111,2.3222538137223174
GOOGL,2025-08-19,200.99661254882813,-0.009529238047808015,2.0193564060650413
MSFT,2025-08-19,505.73046875,-0.014276509369620669,2.0164897098758114
NVDA,2025-08-19,175.40638732910156,-0.035625095509758,8.697365731655804
AAPL,2025-08-20,225.1781768798828,-0.019931931011597223,1.6767532187599101
AMZN,2025-08-20,223.80999755859375,-0.018591996826338653,2.2790784781876394
GOOGL,2025-08-20,198.7530059814453,-0.011225177071144501,1.9966887728372114
MSFT,2025-08-20,501.7125244140625,-0.007976561784308068,2.0004050551175654
NVDA,2025-08-20,175.1667022705078,-0.0013673901565778366,8.685473039366181
AAPL,2025-08-21,224.07228088378906,-0.004923303742007362,1.6684980533635665
AMZN,2025-08-21,221.9499969482422,-0.008345349193359648,2.260058772448093
GOOGL,2025-08-21,199.18177795410156,0.002154986977259665,2.000991611140316
MSFT,2025-08-21,501.0666198730469,-0.0012882290861760551,1.9978280751414295
NVDA,2025-08-21,174.7472381591797,-0.0023975284422295936,8.664649370720081
AAPL,2025-08-22,226.92173767089844,0.012636507744503226,1.6895820419365837
AMZN,2025-08-22,228.83999633789063,0.03057093586711227,2.3291508842365083
GOOGL,2025-08-22,205.50372314453125,0.031246286431533023,2.063515168169101
MSFT,2025-08-22,504.0378112792969,0.005912221593758304,2.0096396774278973
NVDA,2025-08-22,177.75323486328125,0.017055691003705537,8.812430953042536
AAPL,2025-08-25,226.32395935058594,-0.0026377687459310183,1.685125315232677
AMZN,2025-08-25,227.94000244140625,-0.003940606259072855,2.3199726176837605
GOOGL,2025-08-25,207.8969268798828,0.011578261768365227,2.0874070869491557
MSFT,2025-08-25,501.0865173339844,-0.005872512171712124,1.9978380439614463
NVDA,2025-08-25,179.5708465576172,0.010173550935355075,8.902084668207614
AAPL,2025-08-26,228.46604919433594,0.009420196768850203,1.70099952728234
AMZN,2025-08-26,228.7100067138672,0.0033724076943096397,2.327796511190225
GOOGL,2025-08-26,206.55075073242188,-0.006496264567961752,2.0738467382512957
MSFT,2025-08-26,498.8804931640625,-0.004412201053792637,1.9890231808385728
NVDA,2025-08-26,181.52822875976563,0.010841353565499463,8.998595315565664
AAPL,2025-08-27,229.64170837402344,0.0051326865405498835,1.7097302246615036
AMZN,2025-08-27,229.1199951171875,0.0017910076284830656,2.3319656124993227
GOOGL,2025-08-27,206.88978576660156,0.001640067096689959,2.0772479860502795
MSFT,2025-08-27,503.5509033203125,0.00931823158506862,2.007557359465696
NVDA,2025-08-27,181.35845947265625,-9.35660110993945e-4,8.990175688873911
AAPL,2025-08-28,231.70408630371094,0.008940762837167873,1.7250165171157399
AMZN,2025-08-28,231.60000610351563,0.010765909591411497,2.3570713434537707
GOOGL,2025-08-28,211.03794860839844,0.019851752968511667,2.118484999923688
MSFT,2025-08-28,506.4326477050781,0.005706532947103561,2.0190135516806875
NVDA,2025-08-28,179.9303436279297,-0.007905715707802479,8.919101915714478
AAPL,2025-08-29,231.28562927246094,-0.0018076304121467212,1.721898324797946
AMZN,2025-08-29,229,-0.011289768498294606,2.3304605536522134
GOOGL,2025-08-29,212.30435180664063,0.005982898352379417,2.1311596803392714
MSFT,2025-08-29,503.5011901855469,-0.005805262963408796,2.007292647086495
NVDA,2025-08-29,173.94830322265625,-0.03381164899589295,8.617532372381742
AAPL,2025-09-02,228.8745574951172,-0.010479367452413759,1.7038539195366926
AMZN,2025-09-02,225.33999633789063,-0.016111647069703763,2.2929129957019025
GOOGL,2025-09-02,210.74879455566406,-0.007353989799509505,2.115487153788931
MSFT,2025-09-02,501.9410705566406,-0.0031033525084851496,2.0010633104148954
NVDA,2025-09-02,170.55284118652344,-0.019712979462313325,8.447655133709162
AAPL,2025-09-03,237.59234619140625,0.03738230436877965,1.7675479053567513
AMZN,2025-09-03,225.99000549316406,0.00288041832828813,2.2995175443198925
GOOGL,2025-09-03,230.0038604736328,0.08742921636802219,2.3004425378813145
MSFT,2025-09-03,502.1696472167969,4.552817932497732e-4,2.0019743581072675
NVDA,2025-09-03,170.39306640625,-9.372442279620256e-4,8.439737617695279
AAPL,2025-09-04,238.8975067138672,0.0054782437804959,1.7772309636760004
AMZN,2025-09-04,235.67999267578125,0.041984146824532165,2.3960608265262064
GOOGL,2025-09-04,231.63917541503906,0.007084789131648731,2.3167406881716786
MSFT,2025-09-04,504.7731628417969,0.005171140606282077,2.012326849003211
NVDA,2025-09-04,171.4316864013672,0.006076933767151556,8.49102534421015
AAPL,2025-09-05,238.80784606933594,-3.753805355611851e-4,1.7765638257650398
AMZN,2025-09-05,232.3300018310547,-0.01431613896889294,2.3617584867557366
GOOGL,2025-09-05,234.33151245117188,0.011555950051772432,2.343512827847099
MSFT,2025-09-05,491.884765625,-0.025864673021134658,1.960278673042093
NVDA,2025-09-05,166.79783630371094,-0.027402339190117905,8.258351387656216
AAPL,2025-09-08,237.00450134277344,-0.007580103253193686,1.763097288529852
AMZN,2025-09-08,235.83999633789063,0.014994810804568525,2.397172608430723
GOOGL,2025-09-08,233.5829620361328,-0.003199520828804848,2.336014709741831
MSFT,2025-09-08,495.06463623046875,0.0064438594374062845,1.9729104332693215
NVDA,2025-09-08,168.0861358642578,0.007694043448120437,8.32189150204269
AAPL,2025-09-09,233.4875030517578,-0.014950578406501531,1.7367379642793963
AMZN,2025-09-09,238.24000549316406,0.010124998519937195,2.421443977543118
GOOGL,2025-09-09,239.16204833984375,0.02360403689699672,2.391154087142504
MSFT,2025-09-09,495.2733154296875,4.21430284394124e-4,1.9737418774742983
NVDA,2025-09-09,170.53286743164063,0.014451487517380842,8.442155213205458
AAPL,2025-09-10,225.955322265625,-0.03279126491668058,1.679788129601854
AMZN,2025-09-10,230.3300018310547,-0.033765520828453625,2.3396826604844523
GOOGL,2025-09-10,238.70294189453125,-0.0019214907806655885,2.386559506608909
MSFT,2025-09-10,497.2209777832031,0.0039247880153606115,1.9814883959404248
NVDA,2025-09-10,177.09414672851563,0.03775344457915153,8.760875652175805
AAPL,2025-09-11,229.1833953857422,0.014185245616196811,1.7036163368034283
AMZN,2025-09-11,229.9499969482422,-0.0016511904499798356,2.335819398819477
GOOGL,2025-09-11,239.90060424804688,0.00500483067090056,2.3985038328255146
MSFT,2025-09-11,497.85699462890625,0.0012783258195774249,1.9840213837181484
NVDA,2025-09-11,176.94430541992188,-8.464691709691908e-4,8.753459841025544
AAPL,2025-09-12,233.2085418701172,0.017410546495863963,1.733277228246458
AMZN,2025-09-12,228.14999389648438,-0.007858600093329492,2.3174631282739133
GOOGL,2025-09-12,240.3297576904297,0.0017872820655918233,2.402790635710177
MSFT,2025-09-12,506.6910095214844,0.017588492719478866,2.0189173293809657
NVDA,2025-09-12,177.593505859375,0.0036622393684891535,8.785517106265836
AAPL,2025-09-15,235.82884216308594,0.011173214085381364,1.7526435057869718
AMZN,2025-09-15,231.42999267578125,0.014274139722700788,2.3505429207691027
GOOGL,2025-09-15,251.11865234375,0.04391357527884553,2.508305763170741
MSFT,2025-09-15,512.11663818359375,0.010651038921044187,2.040420896434573
NVDA,2025-09-15,177.52357482910156,-3.9384774757564376e-4,8.782056950142247
AAPL,2025-09-16,237.2735137939453,0.006107245516747719,1.7633473299801463
AMZN,2025-09-16,234.0500030517578,0.011257360441086762,2.3770038296604454
GOOGL,2025-09-16,250.66954040527344,-0.0017900463378341341,2.5038157796252087
MSFT,2025-09-16,505.83642578125,-0.0123390602296241,2.0152440200996833
NVDA,2025-09-16,174.65724182128906,-0.016277980876145105,8.639102795054614
AAPL,2025-09-17,238.1104278564453,0.0035210063016859377,1.7695560870410674
AMZN,2025-09-17,231.6199951171875,-0.010436704109897131,2.352195744022187
GOOGL,2025-09-17,249.04270935058594,-0.006511094346190766,2.4875131988585877
MSFT,2025-09-17,506.81024169921875,0.001923308987091985,2.0191199570347242
NVDA,2025-09-17,170.0730743408203,-0.026597241403402035,8.409326492505741
AAPL,2025-09-18,237.00450134277344,-0.004655414692693684,1.7613180696339108
AMZN,2025-09-18,231.22999572753906,-0.001685208986324988,2.3482318026167652
GOOGL,2025-09-18,251.537841796875,0.009969037369691014,2.5123113108956088
MSFT,2025-09-18,505.2501525878906,-0.003082998516371822,2.0128950132028094
NVDA,2025-09-18,176.01551818847656,0.03434396892143857,8.698136140214588
AAPL,2025-09-19,244.59645080566406,0.03153057898793675,1.8168534481513832
AMZN,2025-09-19,231.47999572753906,0.001080590559717161,2.3507692797347004
GOOGL,2025-09-19,254.22259521484375,0.01061679973139421,2.5389840169463036
MSFT,2025-09-19,514.67047119140625,0.018473175812154664,2.0500795766731144
NVDA,2025-09-19,176.4449462890625,0.002436745997643716,8.719331288641218
AAPL,2025-09-22,255.1374969482422,0.04219289060874704,1.8935117469413594
AMZN,2025-09-22,227.6300048828125,-0.016771933038536895,2.3113423347859405
GOOGL,2025-09-22,252.036865234375,-0.00863487492905454,2.517060207513104
MSFT,2025-09-22,511.21240234375,-0.006741670095727397,2.0362586164971956
NVDA,2025-09-22,183.37612915039063,0.03853048537251343,9.055291355316307
AAPL,2025-09-23,253.4936065673828,-0.006464001487228669,1.8812720841930453
AMZN,2025-09-23,220.7100067138672,-0.030871872178262885,2.2399868696662213
GOOGL,2025-09-23,251.16856384277344,-0.0034510845997105534,2.508373619794411
MSFT,2025-09-23,506.0252685546875,-0.01019855810911776,2.0154917146716573
NVDA,2025-09-23,178.2027130126953,-0.02861765458791344,8.796150155116946
AAPL,2025-09-24,251.3813934326172,-0.008367320457997903,1.8655308777959165
AMZN,2025-09-24,220.2100067138672,-0.002267986025112884,2.234906610749382
GOOGL,2025-09-24,246.6573944091797,-0.018123976234363903,2.462911915922352
MSFT,2025-09-24,506.9394226074219,0.0018049085202667553,2.019129492839995
NVDA,2025-09-24,176.74456787109375,-0.008216168557129732,8.723879502788682
AAPL,2025-09-25,255.92459106445313,0.017911553318244792,1.89894543358039
AMZN,2025-09-25,218.14999389648438,-0.009398795415484473,2.2139011807422344
GOOGL,2025-09-25,245.30999755859375,-0.00547759970085513,2.449421070348463
MSFT,2025-09-25,503.83905029296875,-0.006134642002795414,2.0067428562441356
NVDA,2025-09-25,177.46365356445313,0.00406024839471943,8.759300620535607
AAPL,2025-09-26,254.51980590820313,-0.005504179147396235,1.8884932977228335
AMZN,2025-09-26,219.77999877929688,0.007444168873481812,2.230381835000881
GOOGL,2025-09-26,246.0585479736328,0.003046800618032671,2.4568839679794228
MSFT,2025-09-26,508.2411804199219,0.008699227106372541,2.0241999680946945
NVDA,2025-09-26,177.96302795410156,0.002810001298201019,8.783914266650644
AAPL,2025-09-29,253.4936065673828,-0.004040053712850751,1.8808636833636747
AMZN,2025-09-29,222.1699981689453,0.010815805882780046,2.254505211972729
GOOGL,2025-09-29,243.5734100341797,-0.010151131840795144,2.4319438149029278
MSFT,2025-09-29,511.3613586425781,0.006120400534690977,2.0365888826617424
NVDA,2025-09-29,181.6183624267578,0.02033175514549697,8.962506660739223
AAPL,2025-09-30,253.69287109375,7.857643900076636e-4,1.8823415990685206
AMZN,2025-09-30,219.57000732421875,-0.011771724709007034,2.2279657972623648
GOOGL,2025-09-30,242.6252899169922,-0.0039001392603908403,2.4224588953513604
MSFT,2025-09-30,514.69036865234375,0.00648899388291907,2.0498042954633555
NVDA,2025-09-30,186.3423309326172,0.02567789523362701,9.192644967804368
AAPL,2025-10-01,254.5098419189453,0.003215140368350492,1.8883935915307113
AMZN,2025-10-01,220.6300048828125,0.004815990813160187,2.2386956600740153
GOOGL,2025-10-01,244.4217529296875,0.007376992370799251,2.440329356140942
MSFT,2025-10-01,516.43927001953125,0.003392207882805762,2.056757657752635
NVDA,2025-10-01,187.0015106201172,0.0035312240305386154,9.225106256618888
AAPL,2025-10-02,256.1836853027344,0.00655520106838791,1.90077239121945
AMZN,2025-10-02,222.41000366210938,0.008035429408424817,2.256684541017487
GOOGL,2025-10-02,245.21022033691406,0.0032206560511393962,2.44818881764857
MSFT,2025-10-02,512.4942626953125,-0.007668185610937748,2.0409860582762707
NVDA,2025-10-02,188.64939880371094,0.00877356456654706,9.30604332199459
AAPL,2025-10-03,257.0704040527344,0.0034552852109733037,1.907340101952257
AMZN,2025-10-03,219.50999450683594,-0.01312477732054764,2.2270660589339104
GOOGL,2025-10-03,244.87088012695313,-0.0013848330975053979,2.4447984847449478
MSFT,2025-10-03,514.09405517578125,0.003116719229398485,2.0473472387710343
NVDA,2025-10-03,187.38099670410156,-0.006746299902584282,9.243261962837973
AAPL,2025-10-06,255.7452850341797,-0.005168024286614456,1.897482921982534
AMZN,2025-10-06,220.89999389648438,0.006312318256467209,2.2411240086760773
GOOGL,2025-10-06,249.94094848632813,0.02049363217557019,2.494901285634702
MSFT,2025-10-06,525.2435302734375,0.02145578678755221,2.0912746846061894
NVDA,2025-10-06,185.3036651611328,-0.011148046965904684,9.140217644358096
AAPL,2025-10-07,255.53607177734375,-8.183880195339964e-4,1.895930044691913
AMZN,2025-10-07,221.77999877929688,0.003975811225101454,2.250034294666616
GOOGL,2025-10-07,245.2800750732422,-0.018823962711457358,2.4479373568651477
MSFT,2025-10-07,520.682373046875,-0.008721815046370006,2.0730349735958984
NVDA,2025-10-07,184.80429077148438,-0.0026985353040084835,9.115552444358475
AAPL,2025-10-08,257.1102600097656,0.006141439361410118,1.9075737840948639
AMZN,2025-10-08,225.22000122070313,0.015391813667974614,2.2846664032766775
GOOGL,2025-10-08,244.14230346679688,-0.0046494549737600135,2.436555782345818
MSFT,2025-10-08,521.546875,0.0016589481690558452,2.076474031169734
NVDA,2025-10-08,188.86911010742188,0.021756858631033507,9.313878230234154
AAPL,2025-10-09,253.1050262451172,-0.01570049407859935,1.8776239331931912
AMZN,2025-10-09,227.74000549316406,0.011126943813862119,2.3100877579793555
GOOGL,2025-10-09,241.05833435058594,-0.012712310773075027,2.405581528024705
MSFT,2025-10-09,519.11236572265625,-0.004678791333891448,2.0667586424676463
NVDA,2025-10-09,192.32470703125,0.018130890013948877,9.482747132029843
AAPL,2025-10-10,244.3673095703125,-0.03513206563064245,1.8116591259425832
AMZN,2025-10-10,216.3699951171875,-0.05121476887040818,2.1917771473840832
GOOGL,2025-10-10,236.1080322265625,-0.020749491492563887,2.3556669345742876
MSFT,2025-10-10,507.74432373046875,-0.02214234287731204,2.0209957639614795
NVDA,2025-10-10,182.92669677734375,-0.050099617507457596,9.007665127795207
AAPL,2025-10-13,246.74851989746094,0.009697219450940967,1.8292271820571484
AMZN,2025-10-13,220.07000732421875,0.016955828210376053,2.2289405441705563
GOOGL,2025-10-13,243.67323303222656,0.03153865491158776,2.429961501110464
MSFT,2025-10-13,510.8148498535156,0.006029174355405863,2.0331806997939403
NVDA,2025-10-13,188.08013916015625,0.027782635594309407,9.25792180559631
AAPL,2025-10-14,246.8581085205078,4.4403222541274074e-4,1.8300394178735826
AMZN,2025-10-14,216.38999938964844,-0.016863378479674927,2.1913530761655156
GOOGL,2025-10-14,244.97068786621094,0.005310443157477244,2.442865673536969
MSFT,2025-10-14,510.3379211425781,-9.340987150249341e-4,2.031281508314849
NVDA,2025-10-14,179.80067443847656,-0.04501927105154537,8.841136914456158
AAPL,2025-10-15,248.42233276367188,0.006316540342189272,1.8415989356843774
AMZN,2025-10-15,215.57000732421875,-0.0037966156016826813,2.1830333508877504
GOOGL,2025-10-15,250.539794921875,0.022479207846542816,2.4977793587535913
MSFT,2025-10-15,510.19879150390625,-2.7265974424972713e-4,2.030727659618293
NVDA,2025-10-15,179.60093688964844,-0.001111500689457427,8.831309984680152
AAPL,2025-10-16,246.53927612304688,-0.007608936498969647,1.827586326326185
AMZN,2025-10-16,214.47000122070313,-0.005115842622809568,2.1718652958242637
GOOGL,2025-10-16,250.9689483642578,0.0017114499114100077,2.5020541830158516
MSFT,2025-10-16,508.3902282714844,-0.0035511184547924787,2.0235163051495646
NVDA,2025-10-16,181.57839965820313,0.010950142090018556,8.9280140838534
AAPL,2025-10-17,251.36146545410156,0.01937068861595788,1.862987931972232
AMZN,2025-10-17,213.0399932861328,-0.006689964147498498,2.1573355948620034
GOOGL,2025-10-17,252.80535888671875,0.007290640393191597,2.520295760308501
MSFT,2025-10-17,510.3478698730469,0.003843272406871184,2.0312932295299997
NVDA,2025-10-17,182.9866180419922,0.007725510234727423,8.996987548034
AAPL,2025-10-20,261.27484130859375,0.03868088051631,1.9350499455721772
AMZN,2025-10-20,216.47999572753906,0.016018234695332655,2.191892302737098
GOOGL,2025-10-20,256.04901123046875,0.01274901609847742,2.552427051529598
MSFT,2025-10-20,513.53759765625,0.006230654117871639,2.043949515055176
NVDA,2025-10-20,182.4073486328125,-0.0031706593282750787,8.96846116553845
AAPL,2025-10-21,261.80291748046875,0.0020191122348738534,1.9389570285923738
AMZN,2025-10-21,222.02999877929688,0.025314357693141158,2.2473786485134277
GOOGL,2025-10-21,249.9709014892578,-0.0240243592293803,2.491106627136863
MSFT,2025-10-21,514.40216064453125,0.0016821281308762122,2.047387700032541
NVDA,2025-10-21,180.9292449951172,-0.008136322174984818,8.895490876081789
AAPL,2025-10-22,257.4988098144531,-0.01657689932884324,1.9068151331264451
AMZN,2025-10-22,217.9499969482422,-0.01854683769726401,2.2056968814751525
GOOGL,2025-10-22,251.19850158691406,0.004898952511040789,2.503310440203146
MSFT,2025-10-22,517.26409912109375,0.005548200866208678,2.0587470182433263
NVDA,2025-10-22,180.05035400390625,-0.004869486975601364,8.852174399119127
AAPL,2025-10-23,258.6246337890625,0.004362622059364062,1.9151338468893517
AMZN,2025-10-23,221.08999633789063,0.014304177190941961,2.237247560497281
GOOGL,2025-10-23,252.58578491210938,0.005507463686262208,2.5170973315480056
MSFT,2025-10-23,517.283935546875,3.834800341581043e-5,2.0588259670810145
NVDA,2025-10-23,181.92796325683594,0.01037424620852365,8.94400903581638
AAPL,2025-10-24,261.85272216796875,0.012404496504713917,1.9388901179991498
AMZN,2025-10-24,224.2100067138672,0.014013300747685163,2.268598783409555
GOOGL,2025-10-24,259.4124755859375,0.02666843149260645,2.584224369294616
MSFT,2025-10-24,520.314697265625,0.005841893468855865,2.0708534090516157
NVDA,2025-10-24,186.02273559570313,0.02225809818499557,9.143085667103069
AAPL,2025-10-27,267.8206481933594,0.022535316744581882,1.9825836209412004
AMZN,2025-10-27,226.97000122070313,0.012234712914707927,2.2963544382432266
GOOGL,2025-10-27,268.744140625,0.035340412143742034,2.6755519235773897
MSFT,2025-10-27,528.17498779296875,0.014993829501661277,2.1019034319898693
NVDA,2025-10-27,191.24609375,0.02769214703276586,9.396277339729659
AAPL,2025-10-28,268.00994873046875,7.06568628486994e-4,1.9839844523311096
AMZN,2025-10-28,229.25,0.009995255600938363,2.319307087803817
GOOGL,2025-10-28,266.94769287109375,-0.006707044520457206,2.657606877709161
MSFT,2025-10-28,538.6585693359375,0.019654273051982595,2.1432148159710978
NVDA,2025-10-28,200.77392578125,0.048618480037657764,9.853110061999601
AAPL,2025-10-29,268.7073974609375,0.0025989438500351207,1.989140716522061
AMZN,2025-10-29,230.3000030517578,0.00456970894129321,2.329905646140559
GOOGL,2025-10-29,274.0338439941406,0.026198884628952937,2.727233213687375
MSFT,2025-10-29,538.141845703125,-9.597389920332169e-4,2.141157889143907
NVDA,2025-10-29,206.77627563476563,0.02945788705226331,10.143361865319504
AAPL,2025-10-30,270.401123046875,0.0062834516395499015,2.001639386018587
AMZN,2025-10-30,222.86000061035156,-0.03283904572023767,2.253393768103109
GOOGL,2025-10-30,280.93035888671875,0.0248551884875748,2.795019109263149
MSFT,2025-10-30,522.45123291015625,-0.02959053379470781,2.077799884265389
NVDA,2025-10-30,202.63156127929688,-0.020248053829069825,9.937978528262782
AAPL,2025-10-31,269.37493896484375,-0.003802263162687257,1.9940286263161442
AMZN,2025-10-31,244.22000122070313,0.09152568904562086,2.4596371854198544
GOOGL,2025-10-31,280.6408996582031,-0.001030890558396889,2.792137750452871
MSFT,2025-10-31,514.55120849609375,-0.015236564413907323,2.0461413524895704
NVDA,2025-10-31,202.23207092285156,-0.0019734570078558597,9.91836635489226
AAPL,2025-11-03,268.0597839355469,-0.00489420425752579,1.9842694429235996
AMZN,2025-11-03,254,0.039264803615285844,2.5562143564702193
GOOGL,2025-11-03,283.16595458984375,0.008957222832878007,2.8171475504637677
MSFT,2025-11-03,513.77618408203125,-0.001507349831193428,2.0430571016672974
NVDA,2025-11-03,206.61648559570313,0.021448444339366195,10.131099883592608
AAPL,2025-11-04,269.046142578125,0.003672868619450181,1.9915574038930477
AMZN,2025-11-04,249.32000732421875,-0.018597025701107325,2.508676372385403
GOOGL,2025-11-04,276.998046875,-0.022022682579468298,2.7551064041803777
MSFT,2025-11-04,511.0931701660156,-0.005235828418938553,2.0323600052328734
NVDA,2025-11-04,198.43690490722656,-0.040393158064018025,9.721872764632296
AAPL,2025-11-05,269.14581298828125,3.703898219392952e-4,1.9922950564852577
AMZN,2025-11-05,250.1999969482422,0.0035233445181079427,2.517515303529754
GOOGL,2025-11-05,283.7547912597656,0.02409999898032501,2.821504465711812
MSFT,2025-11-05,503.96826171875,-0.014038609367540944,2.0038284970251956
NVDA,2025-11-05,194.9613494873047,-0.017669859029216153,9.550088643381269
AAPL,2025-11-06,268.7771301269531,-0.0013707648047970096,1.9895640885410566
AMZN,2025-11-06,243.0399932861328,-0.029034574612610754,2.44442031761103
GOOGL,2025-11-06,284.1939697265625,0.0015465428732323564,2.825868043335052
MSFT,2025-11-06,493.9715576171875,-0.02003535345157169,1.9636810848309643
NVDA,2025-11-06,187.84043884277344,-0.03720845826520234,9.194744568665033
AAPL,2025-11-07,267.48193359375,-0.004830497568446612,1.9799535040490905
AMZN,2025-11-07,244.41000366210938,0.005621146751201347,2.45816076293794
GOOGL,2025-11-07,278.28546142578125,-0.021009570510759756,2.766497769424501
MSFT,2025-11-07,493.6933288574219,-5.634072263488708e-4,1.962574732717526
NVDA,2025-11-07,187.91030883789063,3.718954458708058e-4,9.198164052296066
AAPL,2025-11-10,268.6985778808594,0.004538196928686639,1.9889389229601084
AMZN,2025-11-10,248.39999389648438,0.0161931675138767,2.497966171948233
GOOGL,2025-11-10,289.5334777832031,0.03962350382582562,2.876116104375431
MSFT,2025-11-10,502.8155517578125,0.018308873913350867,1.9985072660443792
NVDA,2025-11-10,198.7964630126953,0.05631673403630657,9.71617461085154
AAPL,2025-11-11,274.5028076171875,0.021371265994227246,2.031445065728961
AMZN,2025-11-11,249.10000610351563,0.0028141212824006312,2.504995751715429
GOOGL,2025-11-11,290.7411193847656,0.00416231677545943,2.8880874106848418
MSFT,2025-11-11,505.4786682128906,0.00528243164540753,2.009064244070109
NVDA,2025-11-11,192.91395568847656,-0.030037238330691364,9.42432755840278
AAPL,2025-11-12,272.7276611328125,-0.006487770006386278,2.018265517361903
AMZN,2025-11-12,244.1999969482422,-0.01986689759076167,2.4552292576508057
GOOGL,2025-11-12,286.15008544921875,-0.01591679964184139,2.842118302020847
MSFT,2025-11-12,507.9232482910156,0.004824511933448751,2.01875699849069
NVDA,2025-11-12,193.55313110351563,0.0033077900792958703,9.455501255604501
AAPL,2025-11-13,272.2090759277344,-0.0019032864784390288,2.0144241798928086
AMZN,2025-11-13,237.5800018310547,-0.027483132611142096,2.3877518663720325
GOOGL,2025-11-13,278.0260009765625,-0.02880180946216908,2.760260152217099
MSFT,2025-11-13,500.1225891113281,-0.015477103528949022,1.9875124874252592
NVDA,2025-11-13,186.62197875976563,-0.03646698722696613,9.110687612091809
AAPL,2025-11-14,271.6705322265625,-0.001980378999716703,2.010434856550427
AMZN,2025-11-14,234.69000244140625,-0.01223891180071706,2.358528381877508
GOOGL,2025-11-14,275.8702392578125,-0.00778403046328704,2.738774203105644
MSFT,2025-11-14,506.9692077636719,0.01359702095926684,2.014536736373585
NVDA,2025-11-14,189.92774963378906,0.017558667856868868,9.270659149820219
AAPL,2025-11-17,266.7339782714844,-0.01833822786066242,1.9735670440519875
AMZN,2025-11-17,232.8699951171875,-0.007785167790615942,2.3401668426856617
GOOGL,2025-11-17,284.46337890625,0.03067391684273961,2.822783135262747
MSFT,2025-11-17,504.2961730957031,-0.005286527046048565,2.0038868334314874
NVDA,2025-11-17,186.36231994628906,-0.01895099914976759,9.09497089615419
AAPL,2025-11-18,266.7139892578125,-7.494269318828434e-5,1.9734191396225185
AMZN,2025-11-18,222.5500030517578,-0.045328527802621185,2.2340905248942127
GOOGL,2025-11-18,283.724853515625,-0.002599581492137089,2.815445080468001
MSFT,2025-11-18,490.6824035644531,-0.027366657918495088,1.9490471479535918
NVDA,2025-11-18,181.1289825439453,-0.028483347386914177,8.835915680645156
AAPL,2025-11-19,267.83099365234375,0.004179277913276381,1.9816666066463795
AMZN,2025-11-19,222.69000244140625,6.288715862684946e-4,2.2354954809464704
GOOGL,2025-11-19,292.2381896972656,0.029564244995286055,2.89868158859773
MSFT,2025-11-19,484.0543518066406,-0.013599885055362188,1.9225403307739415
NVDA,2025-11-19,186.28240966796875,0.028054465542118427,9.083802572640879
AAPL,2025-11-20,265.5272521972656,-0.008638680660609209,1.9645476216557685
AMZN,2025-11-20,217.13999938964844,-0.025238376767976148,2.1790752037352354
GOOGL,2025-11-20,288.884765625,-0.011541314157416221,2.8652269937414054
MSFT,2025-11-20,476.308837890625,-0.01613073459568025,1.8915283429487357
NVDA,2025-11-20,180.40989685058594,-0.03203238704693301,8.79282669277612
AAPL,2025-11-21,270.75299072265625,0.01948945166198309,2.0028355775656923
AMZN,2025-11-21,220.69000244140625,0.01621670892983362,2.2144126320504274
GOOGL,2025-11-21,299.0747985839844,0.034665830858553084,2.9645524680778053
MSFT,2025-11-21,470.0268249511719,-0.013276695497639966,1.8664150971142497
NVDA,2025-11-21,178.6521453857422,-0.009790873441003703,8.706737239438471
AAPL,2025-11-24,275.1710205078125,0.016185865239936655,2.035253204321921
AMZN,2025-11-24,226.27999877929688,0.025014152157624068,2.2698042865683017
GOOGL,2025-11-24,317.9578552246094,0.06122513866346941,3.1460576040109993
MSFT,2025-11-24,471.89849853515625,0.003974149543977354,1.8738325098213187
NVDA,2025-11-24,182.31747436523438,0.020308938810314977,8.883561833271719
AAPL,2025-11-25,276.2181396484375,0.0037981174643085826,2.0429833350615465
AMZN,2025-11-25,229.6699981689453,0.01487032297548011,2.303557009400701
GOOGL,2025-11-25,322.8083801269531,0.015140053542090788,3.1936890845822274
MSFT,2025-11-25,474.8752136230469,0.006288144375202888,1.8856154391780242
NVDA,2025-11-25,177.593505859375,-0.02625226830148803,8.65034818455181
AAPL,2025-11-26,276.79656982421875,0.0020919168217879975,2.0472570862667943
AMZN,2025-11-26,229.16000366210938,-0.0022230225348219158,2.298436150258557
GOOGL,2025-11-26,319.3252258300781,-0.010848796659713516,3.1590414011092482
MSFT,2025-11-26,483.3475341796875,0.017683866017517248,1.9189604099650102
NVDA,2025-11-26,180.03036499023438,0.013628267270712124,8.768237441595602
AAPL,2025-11-28,278.0930480957031,0.004672931656329052,2.056823778713854
AMZN,2025-11-28,233.22000122070313,0.01756175380535844,2.3388007200667333
GOOGL,2025-11-28,319.55474853515625,7.185159158595526e-4,3.161311222634805
MSFT,2025-11-28,489.82867431640625,0.01331975833631881,1.9445204988827072
NVDA,2025-11-28,176.7745361328125,-0.018250417620476727,8.608213446490982
AAPL,2025-12-01,282.33148193359375,0.015126085396804254,2.0879354708368574
AMZN,2025-12-01,233.8800048828125,0.002825964858582112,2.345410088712869
GOOGL,2025-12-01,314.27508544921875,-0.01665994536121213,3.108643950395922
MSFT,2025-12-01,484.5820007324219,-0.010769020544935939,1.9235799176801902
NVDA,2025-12-01,179.69081115722656,0.01636254469904524,8.749065723788112
AAPL,2025-12-02,285.4131164550781,0.010855813667109464,2.110601709257211
AMZN,2025-12-02,234.4199981689453,0.0023061862991379644,2.3508190413253187
GOOGL,2025-12-02,315.1932678222656,0.0029173286297263933,3.1177128863920376
MSFT,2025-12-02,487.82757568359375,0.006675349732992619,1.9364204863700665
NVDA,2025-12-02,181.22886657714844,0.008523030609971779,8.823634278760613
AAPL,2025-12-03,283.378662109375,-0.007153630197795877,2.0955032451343487
AMZN,2025-12-03,232.3800048828125,-0.008740386717129234,2.3302719738021445
GOOGL,2025-12-03,319.0058288574219,0.01202337557449672,3.1551983193585773
MSFT,2025-12-03,475.6119689941406,-0.025359684307076167,1.8873134741499669
NVDA,2025-12-03,179.3612518310547,-0.010358750009418166,8.7322324570924
AAPL,2025-12-04,279.93804931640625,-0.01221570568772077,2.069905194224124
AMZN,2025-12-04,229.11000061035156,-0.014171743534491207,2.297247957023808
GOOGL,2025-12-04,316.999755859375,-0.006308371180944117,3.1352941572105726
MSFT,2025-12-04,478.70819091796875,0.006488876412519228,1.8995600180354084
NVDA,2025-12-04,183.15660095214844,0.0209395910779005,8.915081833941084
AAPL,2025-12-05,278.0232238769531,-0.006863676920741724,2.055698033714404
AMZN,2025-12-05,229.52999877929688,0.0018314943611840917,2.3014553537033384
GOOGL,2025-12-05,320.642578125,0.01142603526634251,3.171118138821218
MSFT,2025-12-05,481.01788330078125,0.004813241827990891,1.9087030597689956
NVDA,2025-12-05,182.1877899169922,-0.005303561955473612,8.867800145096659
AAPL,2025-12-08,277.1356506347656,-0.0031975495274368187,2.049124837438148
AMZN,2025-12-08,226.88999938964844,-0.011568418747626617,2.2748311544427313
GOOGL,2025-12-08,313.31219482421875,-0.023126917990400276,3.0977799496868292
MSFT,2025-12-08,488.8430480957031,0.016137024080980087,1.9395038470079284
NVDA,2025-12-08,185.323974609375,0.017067539740813674,9.01915167648669
AAPL,2025-12-09,276.42755126953125,-0.0025583338957931995,2.043882491909818
AMZN,2025-12-09,227.9199981689453,0.004529366309921425,2.2851346980344243
GOOGL,2025-12-09,316.66778564453125,0.010653108541316977,3.130780935727959
MSFT,2025-12-09,489.8385925292969,0.002034460923044121,1.9434496917947597
NVDA,2025-12-09,184.7446746826172,-0.0031307726339145528,8.990914763236821
AAPL,2025-12-10,278.0232238769531,0.005755883423229985,2.055646841264032
AMZN,2025-12-10,231.77999877929688,0.016793958483706913,2.323511155282892
GOOGL,2025-12-10,319.7937316894531,0.009822969952304814,3.1615345027868633
MSFT,2025-12-10,476.43829345703125,-0.027737718695204278,1.8895428309454751
NVDA,2025-12-10,183.55612182617188,-0.006454273212194532,8.932884942927338
AAPL,2025-12-11,277.2752380371094,-0.0026939973492764928,2.0501089341226186
AMZN,2025-12-11,230.27999877929688,-0.006492686132941979,2.308425326625251
GOOGL,2025-12-11,312.0238342285156,-0.02459662283700412,3.0837714310356397
MSFT,2025-12-11,481.3265075683594,0.01020763458900203,1.908830593704035
NVDA,2025-12-11,180.70957946777344,-0.015629252452978915,8.7932706290209115
AAPL,2025-12-12,277.52459716796875,8.989157235724109e-4,2.0519518092785374
AMZN,2025-12-12,226.19000244140625,-0.017920589673159203,2.2670569835556713
GOOGL,2025-12-12,308.887939453125,-0.01010102101900865,3.05262219099293
MSFT,2025-12-12,476.4084167480469,-0.010270345009627218,1.8892262449417632
NVDA,2025-12-12,174.80679321289063,-0.03320988405610645,8.501247130957161
AAPL,2025-12-15,273.3658752441406,-0.015098467426605677,2.020970481725181
AMZN,2025-12-15,222.5399932861328,-0.016268534273204432,2.2301752893193885
GOOGL,2025-12-15,307.8193054199219,-0.0034656155304002914,3.0420429761193803
MSFT,2025-12-15,472.7148742675781,-0.007783100806013461,1.8745222066320153
NVDA,2025-12-15,176.07522583007813,0.007229997969270962,8.562711130450252
AAPL,2025-12-16,273.8645324707031,0.0018224768125210816,2.0246536535669146
AMZN,2025-12-16,222.55999755859375,8.98866451848032e-5,2.2303757522943197
GOOGL,2025-12-16,306.1714782714844,-0.005367608597818877,3.0257144800858273
MSFT,2025-12-16,474.2779235839844,0.0033010826256549314,1.8807101593197326
NVDA,2025-12-16,177.5034942626953,0.008078971499177832,8.631889029628852
AAPL,2025-12-17,271.1020812988281,-0.010138143375682697,2.004127424540953
AMZN,2025-12-17,221.27000427246094,-0.005813022613826454,2.2174105276089024
GOOGL,2025-12-17,296.3342590332031,-0.03265726081512035,2.9269029331575784
MSFT,2025-12-17,474.00909423828125,-5.669788742274988e-4,1.8796438363908532
NVDA,2025-12-17,170.73175048828125,-0.038896680515676234,8.29613719979661
AAPL,2025-12-18,271.45111083984375,0.0012866188761625084,2.0067059727156025
AMZN,2025-12-18,226.75999450683594,0.024508470639878127,2.271755868421362
GOOGL,2025-12-18,302.0668029785156,0.019160124141452444,2.982982756706859
MSFT,2025-12-18,481.8342590332031,0.016373686322175084,1.910420534965327
NVDA,2025-12-18,173.9278564453125,0.018546980913234357,8.450005498094809
AAPL,2025-12-19,272.9271545410156,0.005422873807698464,2.017588085974794
AMZN,2025-12-19,227.35000610351563,0.0025985418858299946,2.2776591211998354
GOOGL,2025-12-19,306.7607116699219,0.01541980802173458,3.028979778147423
MSFT,2025-12-19,483.7656555175781,0.00400041265745044,1.9180630054544554
NVDA,2025-12-19,180.76953125,0.03858231680305103,8.776026287209827
AAPL,2025-12-22,270.23443603515625,-0.009915062523911944,1.997583573954854
AMZN,2025-12-22,228.42999267578125,0.004739078487121393,2.288453126542109
GOOGL,2025-12-22,309.3772888183594,0.008493528645663396,3.054706504660253
MSFT,2025-12-22,482.7701110839844,-0.002060026788581246,1.9141117442810327
NVDA,2025-12-22,183.4662322998047,0.014807718486955977,8.905979213904955
AAPL,2025-12-23,271.62066650390625,0.00511662061139001,2.0078044512423254
AMZN,2025-12-23,232.13999938964844,0.016110849706755952,2.3253220509247847
GOOGL,2025-12-23,313.94134521484375,0.01464463828401981,3.099441576484845
MSFT,2025-12-23,484.6915283203125,0.003972084647752953,1.9217147581545748
NVDA,2025-12-23,188.97952270507813,0.029608033317785238,9.169667743197756
AAPL,2025-12-24,273.06671142578125,0.005309645046856358,2.0184651802019205
AMZN,2025-12-24,232.3800048828125,0.0010333484556670999,2.3277249188750364
GOOGL,2025-12-24,313.68170166015625,-8.2738698265557e-4,3.0968771388709597
MSFT,2025-12-24,485.8563232421875,0.0024002844975317197,1.9263274202972511
NVDA,2025-12-24,188.38023376464844,-0.0031762233994321078,9.140542829946794
AAPL,2025-12-26,272.6578369140625,-0.0014984650753561758,2.015440580623565
AMZN,2025-12-26,232.52000427246094,6.022774408405259e-4,2.329126855082157
GOOGL,2025-12-26,313.1024475097656,-0.0018483374733360757,3.0911530648048666
MSFT,2025-12-26,485.5476989746094,-6.354189830467114e-4,1.9251033952868308
NVDA,2025-12-26,190.2978973388672,0.010128284734973564,9.233120850360715
AAPL,2025-12-29,273.0168762207031,0.001315946478043144,2.018092792557342
AMZN,2025-12-29,232.07000732421875,-0.001937179352692427,2.3246149186286904
GOOGL,2025-12-29,313.1523742675781,1.594455042328586e-4,3.091645935263945
MSFT,2025-12-29,484.9404296875,-0.0012514720137883812,1.9226941822639803
NVDA,2025-12-29,187.99070739746094,-0.012198192178212625,9.120493467823353
AAPL,2025-12-30,272.33868408203125,-0.0024871571416660047,2.0130734786557882
AMZN,2025-12-30,232.52999877929688,0.0019801618568183687,2.3292180324223497
GOOGL,2025-12-30,313.4420166015625,9.24497119140346e-4,3.094504153024499
MSFT,2025-12-30,485.3187255859375,7.797832477031082e-4,1.9241934669777658
NVDA,2025-12-30,187.31153869628906,-0.0036193198928964683,9.087483484382227
AAPL,2025-12-31,271.12200927734375,-0.004477515493673457,2.004059910965204
AMZN,2025-12-31,230.82000732421875,-0.007381025988312501,2.312026013592594
GOOGL,2025-12-31,312.5931091308594,-0.002712013930594704,3.0861118146532136
MSFT,2025-12-31,481.4758605957031,-0.007949745031117481,1.9088966195247508
NVDA,2025-12-31,186.27279663085938,-0.00556096519082302,9.036948305053398
AAPL,2026-01-02,270.27435302734375,-0.003131372878208183,1.9977844521137031
AMZN,2026-01-02,226.5,-0.01889327280046985,2.268344275396007
GOOGL,2026-01-02,314.7403259277344,0.006845562700986246,3.1072379865826765
MSFT,2026-01-02,470.84320068359375,-0.022330964886835367,1.8662691161415446
NVDA,2026-01-02,188.6199493408203,0.012521892750037324,9.150108002516909
AAPL,2026-01-05,266.5345458984375,-0.01393370207740828,1.9699479187430724
AMZN,2026-01-05,233.05999755859375,0.028550975746587545,2.333107717787749
GOOGL,2026-01-05,316.1285400390625,0.004400966434874054,3.1209128366667924
MSFT,2026-01-05,470.7536315917969,-1.9024934875912832e-4,1.8659140596575896
NVDA,2026-01-05,187.89083862304688,-0.003872991969811118,9.114669707700255
AAPL,2026-01-06,261.64776611328125,-0.01850466825035166,1.9334946860362612
AMZN,2026-01-06,240.92999267578125,0.033210483799024845,2.4105913538507187
GOOGL,2026-01-06,313.9313659667969,-0.006974520860365621,3.099145964984077
MSFT,2026-01-06,476.3885192871094,0.011898856308983866,1.888116302938368
NVDA,2026-01-06,187.0119171142578,-0.004688805860122811,9.071932790961707
AAPL,2026-01-07,259.6233215332031,-0.007767377881890955,1.9184765021771895
AMZN,2026-01-07,241.55999755859375,0.0026114748641676943,2.4168865525790797
GOOGL,2026-01-07,321.5614318847656,0.024014222089048562,3.173569544473583
MSFT,2026-01-07,481.3265075683594,0.010312111434744248,1.9075867686560257
NVDA,2026-01-07,188.87962341308594,0.009937556278234288,9.162085633624248
AAPL,2026-01-08,258.33685302734375,-0.0049674519949829505,1.9089465622491215
AMZN,2026-01-08,246.2899932861328,0.01939179681615764,2.463754325534397
GOOGL,2026-01-08,325.0169372558594,0.010688691223534988,3.2074908494108754
MSFT,2026-01-08,475.9902648925781,-0.011148447616020766,1.8863201374926497
NVDA,2026-01-08,184.8145751953125,-0.021756872784011613,8.962747302057265
AAPL,2026-01-09,258.6659240722656,0.001272995441946236,1.9113766425217833
AMZN,2026-01-09,247.3800048828125,0.004415959535942419,2.4746341649424597
GOOGL,2026-01-09,328.14288330078125,0.009571837743600703,3.2381924313855204
MSFT,2026-01-09,477.15509033203125,0.0024441728912703835,1.8909306300369666
NVDA,2026-01-09,184.63479614257813,-9.732270826363764e-4,8.954024513648076
AAPL,2026-01-12,259.54351806640625,0.0033870275674454044,1.917850527901776
AMZN,2026-01-12,246.47000122070313,-0.0036853485099490966,2.46551427561002
GOOGL,2026-01-12,331.4285583496094,0.009963142793824693,3.270455004973297
MSFT,2026-01-12,475.06439208984375,-0.004391217865887232,1.8826271416711948
NVDA,2026-01-12,184.71470642089844,4.3270820192001583e-4,8.957898993495325
AAPL,2026-01-13,260.34136962890625,0.003069341724501476,1.9237370665484221
AMZN,2026-01-13,242.60000610351563,-0.015826265506308397,2.426494392074622
GOOGL,2026-01-13,335.53326416015625,0.012308823372590035,3.310710457977516
MSFT,2026-01-13,468.5832824707031,-0.013736507182654508,1.856766420417368
NVDA,2026-01-13,185.58364868164063,0.004693209374154674,8.999940289024329
AAPL,2026-01-14,259.25433349609375,-0.004184167467870634,1.9156878284978334
AMZN,2026-01-14,236.64999389648438,-0.024831791107773515,2.366240190206441
GOOGL,2026-01-14,335.4034118652344,-3.870776518356573e-4,3.3094289559475345
MSFT,2026-01-14,457.34332275390625,-0.02427948782313101,1.811685082722446
NVDA,2026-01-14,182.91690063476563,-0.0144737618783219,8.869677296361873
AAPL,2026-01-15,257.5090637207031,-0.006754644080745645,1.9027480390465141
AMZN,2026-01-15,238.17999267578125,0.006444429028140061,2.381489257175759
GOOGL,2026-01-15,332.3473815917969,-0.009153269872939145,3.2791368595884274
MSFT,2026-01-15,454.6353759765625,-0.005938635934431755,1.8009261445883165
NVDA,2026-01-15,186.82212829589844,0.02112502378995899,9.057049440256778
AAPL,2026-01-16,254.83636474609375,-0.010433286101296553,1.8828961243764608
AMZN,2026-01-16,239.1199951171875,0.003938837966679267,2.3908695574791623
GOOGL,2026-01-16,329.5710144042969,-0.008388899556791845,3.251628509840366
MSFT,2026-01-16,457.8211669921875,0.006982916579190642,1.81350186162126
NVDA,2026-01-16,186.0031280517578,-0.00439348755272313,9.017257406276611
AAPL,2026-01-20,246.0303192138672,-0.03516685512367162,1.816680589157591
AMZN,2026-01-20,231,-0.03454778703396358,2.3082703051813853
GOOGL,2026-01-20,321.5814208984375,-0.02454108763585905,3.171830009621116
MSFT,2026-01-20,452.5048828125,-0.011680088952667495,1.7923199985616955
NVDA,2026-01-20,177.85308837890625,-0.04480562773387968,8.613233527750412
AAPL,2026-01-21,246.97775268554688,0.0038434852977142693,1.823662974292661
AMZN,2026-01-21,231.30999755859375,0.0013410811217221105,2.311365882911496
GOOGL,2026-01-21,327.953125,0.01961992178812403,3.2340610663351073
MSFT,2026-01-21,442.1410217285156,-0.02316966895229819,1.7507925375384374
NVDA,2026-01-21,183.09669494628906,0.029056537657964503,8.863504272106335
AAPL,2026-01-22,247.67584228515625,0.0028225411486548003,1.8288103380788805
AMZN,2026-01-22,234.33999633789063,0.013014244969160121,2.341446564725065
GOOGL,2026-01-22,330.1103210449219,0.006556218203448959,3.2552642763692785
MSFT,2026-01-22,449.1398620605469,0.015705451155972182,1.778289524220988
NVDA,2026-01-22,184.6148223876953,0.008257212491436692,8.936692110299873
AAPL,2026-01-23,247.36668395996094,-0.0012490174035430512,1.8265261221388405
AMZN,2026-01-23,239.16000366210938,0.020359762712410228,2.389117861186655
GOOGL,2026-01-23,327.5036926269531,-0.007927574580847759,3.2294579260379916
MSFT,2026-01-23,463.8841857910156,0.032300585451473816,1.8357293169555486
NVDA,2026-01-23,187.44137573242188,0.015194520290977908,9.072480859904047
AAPL,2026-01-26,254.7166748046875,0.02928006203750807,1.8800069203081946
AMZN,2026-01-26,238.4199981689453,-0.0030989827151846525,2.381714026230299
GOOGL,2026-01-26,332.8267822265625,0.016122850940925554,3.2815259947994924
MSFT,2026-01-26,468.19500732421875,0.00924996996361938,1.852709757998723
NVDA,2026-01-26,186.2428436279297,-0.006414700713591816,9.014283610457973
AAPL,2026-01-27,257.56890869140625,0.011135442617066204,1.9009416294889738
AMZN,2026-01-27,244.67999267578125,0.02591738783059459,2.4434418323496763
GOOGL,2026-01-27,334.1150817871094,0.003863308730187143,3.2942035428235377
MSFT,2026-01-27,478.4493103027344,0.021665379253622736,1.8928494175526531
NVDA,2026-01-27,188.29034423828125,0.010933722693939045,9.11284328773924
AAPL,2026-01-28,255.74388122558594,-0.007110811153218583,1.8874243925483862
AMZN,2026-01-28,243.00999450683594,-0.00684863228798761,2.4267075977228267
GOOGL,2026-01-28,335.5732116699219,0.004354659328152262,3.3085486770101262
MSFT,2026-01-28,479.49468994140625,0.002182549404515211,1.8969806549217696
NVDA,2026-01-28,191.28668212890625,0.015788100555001735,9.25671777390804
AAPL,2026-01-29,257.578857421875,0.007149435917313261,1.9009184122916847
AMZN,2026-01-29,241.72999572753906,-0.005281189009015846,2.4138916962296375
GOOGL,2026-01-29,337.8102722167969,0.0066442638710852405,3.3305315474505117
MSFT,2026-01-29,431.57806396484375,-0.10528441293144157,1.6972581603260295
NVDA,2026-01-29,192.27548217773438,0.005155890394303416,9.30444439616131
AAPL,2026-01-30,258.775634765625,0.0046354955940848324,1.9097301112165777
AMZN,2026-01-30,239.3000030517578,-0.010103375476311564,2.389503242063479
GOOGL,2026-01-30,337.56060791015625,-7.393398956330136e-4,3.3280691526038173
MSFT,2026-01-30,428.38232421875,-0.0074323294442851795,1.684643578526485
NVDA,2026-01-30,190.8971710205078,-0.007194235238293908,9.2375060344137
AAPL,2026-02-02,269.2770690917969,0.03977943491276717,1.985698095876669
AMZN,2026-02-02,242.9600067138672,0.015178840703943746,2.4257731311363178
GOOGL,2026-02-02,343.24322509765625,0.01669423375409795,3.3836287169871877
MSFT,2026-02-02,421.49298095703125,-0.016212952959274475,1.6573305314346913
NVDA,2026-02-02,185.38388061523438,-0.02930620592319385,8.966789780352427
AAPL,2026-02-03,268.7485046386719,-0.0019648308518361605,1.9817965349954583
AMZN,2026-02-03,238.6199951171875,-0.01802454038618342,2.3820496853664324
GOOGL,2026-02-03,339.26837158203125,-0.011647856167536927,3.3442166963673734
MSFT,2026-02-03,409.3868713378906,-0.029142520112481862,1.6090317430893255
NVDA,2026-02-03,180.12030029296875,-0.028803742914224988,8.708512672753255
AAPL,2026-02-04,275.73944091796875,0.02568034988064631,2.032689763406394
AMZN,2026-02-04,232.99000549316406,-0.02387675021837666,2.3251740800211755
GOOGL,2026-02-04,332.6070556640625,-0.01982967057375864,3.2779019809511447
MSFT,2026-02-04,412.3536682128906,0.00722079445492987,1.6206502305776311
NVDA,2026-02-04,173.97781372070313,-0.034697178882302095,8.40635185074794
AAPL,2026-02-05,275.1610107421875,-0.002099945231847626,2.0284212262299035
AMZN,2026-02-05,222.69000244140625,-0.04521487700574901,2.2200416199760626
GOOGL,2026-02-05,330.8193664550781,-0.00538927445825068,3.260236467528556
MSFT,2026-02-05,391.9246520996094,-0.05081179182860032,1.5383020884345475
NVDA,2026-02-05,171.67062377929688,-0.013350120861006402,8.29412603754031
AAPL,2026-02-06,277.36505126953125,0.007978093232017407,2.044604159886569
AMZN,2026-02-06,210.32000732421875,-0.057150465515023806,2.093165207931703
GOOGL,2026-02-06,322.4402770996094,-0.02565457393930337,3.1765964900127313
MSFT,2026-02-06,399.3615417480469,0.018797518997179397,1.5672183511652966
NVDA,2026-02-06,185.18414306640625,0.07577303508317983,8.922597140767168
AAPL,2026-02-09,274.13079833984375,-0.011729154483153429,2.020622681838361
AMZN,2026-02-09,208.72000122070313,-0.007636568568798812,2.0771806082955084
GOOGL,2026-02-09,323.8984069824219,0.004511976127782775,3.190929217543267
MSFT,2026-02-09,411.76629638671875,0.030588820346685523,1.6151577117531206
NVDA,2026-02-09,189.80848693847656,0.024664902387306904,9.142672128285454
AAPL,2026-02-10,273.19244384765625,-0.003428889326211829,2.013694190292304
AMZN,2026-02-10,206.9600067138672,-0.008468076358810299,2.059590884293422
GOOGL,2026-02-10,318.16583251953125,-0.017857175162165135,3.1339482355755264
MSFT,2026-02-10,411.437744140625,-7.982280148395168e-4,1.613868447619215
NVDA,2026-02-10,188.31031799316406,-0.007924370677356948,9.07022220535938
AAPL,2026-02-11,275.00921630859375,0.006628141591757578,2.0270412405080607
AMZN,2026-02-11,204.0800018310547,-0.01401348751238724,2.0307288331557496
GOOGL,2026-02-11,310.5557556152344,-0.024209280312032656,3.0580776042570785
MSFT,2026-02-11,402.57720947265625,-0.021770815373010812,1.5787332156097695
NVDA,2026-02-11,189.81849670410156,0.007977105419925957,9.142576324073685
AAPL,2026-02-12,261.2637634277344,-0.051274126086131494,1.923106472360462
AMZN,2026-02-12,199.60000610351563,-0.022196688349696986,1.9856533781234476
GOOGL,2026-02-12,308.5982971191406,-0.006323030622704307,3.038741285918755
MSFT,2026-02-12,400.05841064453125,-0.006276340180921504,1.5688245488936825
NVDA,2026-02-12,186.7122802734375,-0.01649951126645964,8.991728283010165
AAPL,2026-02-13,255.32435607910156,-0.022995763373036465,1.878883170980906
AMZN,2026-02-13,198.7899932861328,-0.004066437083335938,1.977578843591995
GOOGL,2026-02-13,305.32257080078125,-0.010671594913670299,3.0063130698679843
MSFT,2026-02-13,399.5407409667969,-0.001294823159871587,1.566793198534
NVDA,2026-02-13,182.58729553222656,-0.022340433476236748,8.79084917546718
AAPL,2026-02-17,263.4099426269531,0.031176814356459727,1.937460762800054
AMZN,2026-02-17,201.14999389648438,0.011801910679928636,2.000918052466584
GOOGL,2026-02-17,301.6273498535156,-0.012176512355151718,2.9697066616292824
MSFT,2026-02-17,395.1004943847656,-0.011175591191809244,1.5492833582650767
NVDA,2026-02-17,184.7446746826172,0.011746344619703246,8.894109519382052
AAPL,2026-02-18,263.8791198730469,0.001779583167113982,1.9409086353604768
AMZN,2026-02-18,204.7899932861328,0.017934163011373634,2.03680284299192
GOOGL,2026-02-18,302.9356689453125,0.004328154695212355,2.9825600114602167
MSFT,2026-02-18,397.828369140625,0.006880530254818123,1.5599432492849057
NVDA,2026-02-18,187.75099182128906,0.016141838338721674,9.037676797410803
AAPL,2026-02-19,260.11578369140625,-0.014364265239645745,1.91302890891624
AMZN,2026-02-19,204.86000061035156,3.417909236829623e-4,2.0374990037169862
GOOGL,2026-02-19,302.456298828125,-0.0015836689050871284,2.977836623912511
MSFT,2026-02-19,397.5988464355469,-5.771055024364743e-4,1.5590429974522548
NVDA,2026-02-19,187.6710968017578,-4.256277036358056e-4,9.033830111789317
AAPL,2026-02-20,264.1086730957031,0.015233805180443597,1.9421716186192268
AMZN,2026-02-20,210.11000061035156,0.025304384018124338,2.0890566609435868
GOOGL,2026-02-20,314.5705261230469,0.03927149905384939,3.0947807320710092
MSFT,2026-02-20,396.37152099609375,-0.0030916176909677397,1.5542230325403519
NVDA,2026-02-20,189.58877563476563,0.010166442233303357,9.1256720237663
AAPL,2026-02-23,265.705810546875,0.006029062392291268,1.9538810924844192
AMZN,2026-02-23,205.27000427246094,-0.023304999462925406,2.0403711965822757
GOOGL,2026-02-23,311.0850524902344,-0.011141943938339317,3.0602988586528213
MSFT,2026-02-23,383.6390686035156,-0.03264977069912112,1.5034780069126168
NVDA,2026-02-23,191.316650390625,0.009072522939621767,9.208464892541386
AAPL,2026-02-24,271.6552429199219,0.022144051735165694,1.997147936480756
AMZN,2026-02-24,208.55999755859375,0.015900551376285547,2.072814223620225
GOOGL,2026-02-24,310.495849609375,-0.001895820979512424,3.054497079873009
MSFT,2026-02-24,388.1593017578125,0.011713641833520843,1.521089209790167
NVDA,2026-02-24,192.61508178710938,0.006763891796129693,9.270749952682994
AAPL,2026-02-25,273.74151611328125,0.007650516196371946,2.012427149115353
AMZN,2026-02-25,210.63999938964844,0.009923754371216356,2.0933843228325957
GOOGL,2026-02-25,312.49322509765625,0.006412254767255281,3.074083293334992
MSFT,2026-02-25,399.7342224121094,0.029384055394936336,1.565784979391281
NVDA,2026-02-25,195.32176208496094,0.013954458115647371,9.40011824459835
AAPL,2026-02-26,272.4637756347656,-0.0046786174669959345,2.003011772304445
AMZN,2026-02-26,207.9199981689453,-0.012997130763748655,2.066176333049959
GOOGL,2026-02-26,306.9804382324219,-0.017798762809532465,3.0193684139401764
MSFT,2026-02-26,400.851806640625,0.002791917205408831,1.5701565214152142
NVDA,2026-02-26,184.66476440429688,-0.05610616371498543,8.872713671426693
AAPL,2026-02-27,263.70941162109375,-0.032657888456674666,1.9375976372671204
AMZN,2026-02-27,210,0.009954149190768667,2.086743360523574
GOOGL,2026-02-27,311.354736328125,0.014148866989350384,3.062089056020862
MSFT,2026-02-27,391.8912048339844,-0.02260753692228252,1.534659149883557
NVDA,2026-02-27,176.97415161132813,-0.04253841115102456,8.495282529246229
AAPL,2026-03-02,264.2484130859375,0.002041836021296492,1.9415538939176717
AMZN,2026-03-02,208.38999938964844,-0.007696209563361218,2.0706833463160317
GOOGL,2026-03-02,306.12152099609375,-0.016950742877400962,3.010184371764549
MSFT,2026-03-02,397.6886291503906,0.01468509769894799,1.5571957694341811
NVDA,2026-03-02,182.25770568847656,0.029417965049183585,8.745196453774533
AAPL,2026-03-03,263.2801818847656,-0.003670823904680181,1.9344267914716538
AMZN,2026-03-03,208.72999572753906,0.0016302091348675868,2.0740589932226143
GOOGL,2026-03-03,303.1853332519531,-0.009637871137742905,2.9811726026886345
MSFT,2026-03-03,403.0570068359375,0.013408647831676312,1.5780756591115006
NVDA,2026-03-03,179.83065795898438,-0.013406031910892074,8.62795807104821
AAPL,2026-03-04,262.0523376464844,-0.004674549655599,1.9253842173797986
AMZN,2026-03-04,216.82000732421875,0.03802601972435073,2.1529272014083642
GOOGL,2026-03-04,302.7359619140625,-0.0014832666350016398,2.9767507288338853
MSFT,2026-03-04,404.32427978515625,0.003139220615922468,1.5830295867540687
NVDA,2026-03-04,182.8170166015625,0.01647012436394315,8.770061613485263
AAPL,2026-03-05,259.8263244628906,-0.008530820840249429,1.9089591095726874
AMZN,2026-03-05,218.94000244140625,0.009730180814114253,2.1738755723576926
GOOGL,2026-03-05,300.4888610839844,-0.0074503274355435314,2.95457296121008
MSFT,2026-03-05,409.79241943359375,0.013433508696627289,1.6042952284747478
NVDA,2026-03-05,183.11663818359375,0.0016375736151613366,8.784423234986845
AAPL,2026-03-06,257.0013427734375,-0.010932115299618045,1.8880901484845827
AMZN,2026-03-06,213.2100067138672,-0.026520103831069775,2.1162241664629406
GOOGL,2026-03-06,298.1319274902344,-0.007874587110925608,2.931306919051446
MSFT,2026-03-06,408.0761413574219,-0.004196959457124567,1.5975620664435808
NVDA,2026-03-06,177.6033935546875,-0.03057037870423802,8.515880089994988
AAPL,2026-03-09,259.41705322265625,0.009355701068531801,1.9057545555042446
AMZN,2026-03-09,213.49000549316406,0.0013123918981728527,2.119001481913724
GOOGL,2026-03-09,306.1770935058594,0.026627573258840187,3.0093605087826334
MSFT,2026-03-09,408.5251770019531,0.001099767241845775,1.599319012871071
NVDA,2026-03-09,182.427490234375,0.026799842059778225,8.744104331406863
AAPL,2026-03-10,260.3653564453125,0.0036488509698246866,1.912708369862344
AMZN,2026-03-10,214.3300018310547,0.003926872997654284,2.1273225316150404
GOOGL,2026-03-10,306.8567199707031,0.002217256954955653,3.0160330343007007
MSFT,2026-03-10,404.8830871582031,-0.00895519345973096,1.5849968017069846
NVDA,2026-03-10,184.54490661621094,0.011540049870070287,8.845011731460396
AAPL,2026-03-11,260.34539794921875,-7.665866677458683e-5,1.9125617441887819
AMZN,2026-03-11,212.64999389648438,-0.007869298894721337,2.1105819947682862
GOOGL,2026-03-11,308.5157470703125,0.005391957579841923,3.032295356481052
MSFT,2026-03-11,404.0049743652344,-0.002171161078240015,1.5815555183419834
NVDA,2026-03-11,185.8134307861328,0.006850279863628475,8.905602537217977
AAPL,2026-03-12,255.3043975830078,-0.019552653794765996,1.8751660865435447
AMZN,2026-03-12,209.52999877929688,-0.014780671622370333,2.079386175371529
GOOGL,2026-03-12,303.3687744140625,-0.016823743285437443,2.9812807978379907
MSFT,2026-03-12,400.9914855957031,-0.007486996517855703,1.5697144176833617
NVDA,2026-03-12,182.9268035888672,-0.015657017582739324,8.766167361707867
AAPL,2026-03-13,249.6744384765625,-0.022298726148557768,1.8333522714966475
AMZN,2026-03-13,207.6699981689453,-0.008916648837354262,2.060845019048492
GOOGL,2026-03-13,302.09954833984375,-0.0041925494222189,2.968781630751543
MSFT,2026-03-13,394.69512939453125,-0.015826551578986114,1.5448712514876177
NVDA,2026-03-13,180.0401611328125,-0.01590614903148685,8.626731397217585
AAPL,2026-03-16,252.36964416503906,0.01073703156524414,1.8530370327059191
AMZN,2026-03-16,211.74000549316406,0.019408860320450153,2.100843672165299
GOOGL,2026-03-16,305.3775939941406,0.010792430673513667,3.0008220006862296
MSFT,2026-03-16,399.08563232421875,0.011062368643045354,1.5619611867776164
NVDA,2026-03-16,183.0067138671875,0.016342896559540954,8.767717176089256
AAPL,2026-03-17,253.77711486816406,0.005561526596100645,1.8633427474468724
AMZN,2026-03-17,215.1999969482422,0.016208681248397017,2.1348955776001386
GOOGL,2026-03-17,310.7344055175781,0.017389521764320726,3.0530048601780155
MSFT,2026-03-17,398.5467834472656,-0.0013511210133194,1.559850788196172
NVDA,2026-03-17,181.71820068359375,-0.007065700712188807,8.705767110593891
AAPL,2026-03-18,249.49476623535156,-0.017018443311607647,1.8316315545293527
AMZN,2026-03-18,209.8699951171875,-0.02507954596315967,2.0813533658351697
GOOGL,2026-03-18,307.5063171386719,-0.010442915185014242,3.02112258936374
MSFT,2026-03-18,390.9432678222656,-0.019262435829129988,1.5298042624855255
NVDA,2026-03-18,180.1899871826172,-0.008445360648967679,8.632243767619006
AAPL,2026-03-19,248.5165252685547,-0.003928594558615539,1.8244358167708403
AMZN,2026-03-19,208.75999450683594,-0.0053030276815244914,2.070315891321112
GOOGL,2026-03-19,306.9466552734375,-0.001821659411311911,3.015619132966098
MSFT,2026-03-19,388.1792297363281,-0.007095289098823652,1.518949858978578
NVDA,2026-03-19,178.3521270751953,-0.010251940462499028,8.543746518455597
AAPL,2026-03-20,247.54823303222656,-0.003903899440107385,1.8173134028072366
AMZN,2026-03-20,205.3699951171875,-0.016372033885598155,2.03642060939451
GOOGL,2026-03-20,300.8203125,-0.02016085311090813,2.954821678587925
MSFT,2026-03-20,381.0447082519531,-0.01855045253982266,1.4907726517092255
NVDA,2026-03-20,172.4989471435547,-0.03336870520646045,8.25865275952253
AAPL,2026-03-23,251.04200744628906,0.01401484151217423,1.84278276212553
AMZN,2026-03-23,210.13999938964844,0.022960765779813284,2.083178386036002
GOOGL,2026-03-23,301.87969970703125,0.003515474619599001,2.965209279204441
MSFT,2026-03-23,382.1722717285156,0.0029547673243715392,1.4951775380285626
NVDA,2026-03-23,175.43553161621094,0.016880501264273443,8.398062957870845
AAPL,2026-03-24,251.1917266845703,5.962134063950415e-4,1.843881453913383
AMZN,2026-03-24,207.24000549316406,-0.013896403903249794,2.0542296977811256
GOOGL,2026-03-24,290.2666320800781,-0.03922867113558763,2.8488880595423374
MSFT,2026-03-24,371.9344177246094,-0.027153937768180758,1.4545775802085532
NVDA,2026-03-24,174.99603271484375,-0.0025083307357880963,8.376997838432535
AAPL,2026-03-25,252.16998291015625,0.0038868965936841777,1.8510484304557564
AMZN,2026-03-25,211.7100067138672,0.02133987694053351,2.098066706739364
GOOGL,2026-03-25,290.7563171386719,0.001685596671163304,2.853690135772019
MSFT,2026-03-25,370.2381286621094,-0.004571152690792659,1.4479284839888162
NVDA,2026-03-25,178.47198486328125,0.019668337891847958,8.541759462438105
AAPL,2026-03-26,252.43951416015625,0.0010682766662048293,1.8530258623020275
AMZN,2026-03-26,207.5399932861328,-0.019893385566031804,2.0563290567989436
GOOGL,2026-03-26,280.7523193359375,-0.03501266341009786,2.7537748435715166
MSFT,2026-03-26,365.1790771484375,-0.013758534009891197,1.4280071106979657
NVDA,2026-03-26,171.04066467285156,-0.0425303080215932,8.178475801454253
AAPL,2026-03-27,248.35679626464844,-0.016305265287713342,1.8228117840321991
AMZN,2026-03-27,199.33999633789063,-0.04031216865924322,1.973433973042362
GOOGL,2026-03-27,274.1762390136719,-0.023701747101302656,2.688505568655255
MSFT,2026-03-27,355.9989318847656,-0.02546012506735926,1.3916498710625171
NVDA,2026-03-27,167.32498168945313,-0.021963413780231762,7.998848553335301
AAPL,2026-03-30,246.19065856933594,-0.008760136268299015,1.806843704412616
AMZN,2026-03-30,200.9499969482422,0.008044214540419325,1.9893086993028668
GOOGL,2026-03-30,273.33673095703125,-0.003066625853971971,2.6802609279698695
MSFT,2026-03-30,358.1842041015625,0.00611966014484149,1.4001662953140321
NVDA,2026-03-30,164.97772216796875,-0.01412747193455417,7.885845044889307
AAPL,2026-03-31,253.33790588378906,0.028617923407992185,1.858551819155709
AMZN,2026-03-31,208.27000427246094,0.035779229656415903,2.06048463211273
GOOGL,2026-03-31,287.3883361816406,0.05012990705870468,2.8146221591820764
MSFT,2026-03-31,369.3699951171875,0.030751447801748214,1.443223436058149
NVDA,2026-03-31,174.1969757080078,0.05437625561333066,8.314647770777325
AAPL,2026-04-01,255.1746368408203,0.00722396712094499,1.8719779363898625
AMZN,2026-04-01,210.57000732421875,0.0109828388282875,2.0831146027353875
GOOGL,2026-04-01,297.2124938964844,0.03361296174041603,2.9092299461323905
MSFT,2026-04-01,368.57171630859375,-0.0021635289281511007,1.4401009804044516
NVDA,2026-04-01,175.54541015625,0.00771105353121578,8.378762464830993
AAPL,2026-04-02,255.464111328125,0.0011337741969299291,1.8741003366713636
AMZN,2026-04-02,209.77000427246094,-0.0038064614152036554,2.075185307376628
GOOGL,2026-04-02,295.59344482421875,-0.005462337645962499,2.89333874987687
MSFT,2026-04-02,372.6528625488281,0.01101201335750153,1.4559593916368165
NVDA,2026-04-02,177.18348693847656,0.009288088228185538,8.456585149847353
AAPL,2026-04-06,258.39886474609375,0.011422443192802206,1.8955071413046038
AMZN,2026-04-06,212.7899932861328,0.01429401955243689,2.104848046735199
GOOGL,2026-04-06,299.8109130859375,0.014166973229900738,2.9343286024914104
MSFT,2026-04-06,372.0741271972656,-0.0015542218182786648,1.4536965077838069
NVDA,2026-04-06,177.43319702148438,0.0014083382738375788,8.46849488237985
AAPL,2026-04-07,253.0484161376953,-0.020923539949167975,1.8558464219095838
AMZN,2026-04-07,213.77000427246094,0.0045949583469463715,2.114519735836599
GOOGL,2026-04-07,305.27764892578125,0.01806970063372021,2.9873510418993927
MSFT,2026-04-07,371.48541259765625,-0.0015835039189674074,1.451394573666742
NVDA,2026-04-07,177.89266967773438,0.0025862058206754654,8.49039615313702
AAPL,2026-04-08,258.4388122558594,0.021078124305621625,1.8949641834827373
AMZN,2026-04-08,221.25,0.034392593210598475,2.187243552947009
GOOGL,2026-04-08,317.1305847167969,0.0380919413630264,3.1011450426182
MSFT,2026-04-08,373.52099609375,0.0054646202714657,1.4593258938758964
NVDA,2026-04-08,181.8680419921875,0.02210099101794525,8.6780423222563
AAPL,2026-04-09,260.0259704589844,0.006122549550145178,1.9065661955918607
AMZN,2026-04-09,233.64999389648438,0.05453095913592383,2.306516041753075
GOOGL,2026-04-09,318.29986572265625,0.0036802842067981197,3.1125581377415386
MSFT,2026-04-09,372.26373291015625,-0.003371654917970858,1.4544055505488875
NVDA,2026-04-09,183.69590759277344,0.010000334200718075,8.764825645686837
AAPL,2026-04-10,260.0159912109375,-3.837862627880075e-5,1.9064930242003644
AMZN,2026-04-10,238.3800048828125,0.020041816513914186,2.35274281304829
GOOGL,2026-04-10,317.0506286621094,-0.003932439437588319,3.100318191368897
MSFT,2026-04-10,370.0684814453125,-0.0059144890165382935,1.4458034848945738
NVDA,2026-04-10,188.41041564941406,0.025340931070435613,8.986934488218573
AAPL,2026-04-13,258.73828125,-0.00492608008275582,1.897101486885938
AMZN,2026-04-13,239.88999938964844,0.006314422859656274,2.3675990260498945
GOOGL,2026-04-13,321.1181945800781,0.012747789780323843,3.1398403959245815
MSFT,2026-04-13,383.539306640625,0.03575403655529446,1.4974967955452663
NVDA,2026-04-13,189.08961486816406,0.0035984100488998323,9.019273163589784
AAPL,2026-04-14,258.3689270019531,-0.0014285405616683605,1.89439140046232
AMZN,2026-04-14,249.02000427246094,0.03735274928383289,2.456035358874583
GOOGL,2026-04-14,332.7112731933594,0.03546580363710918,3.251197358858306
MSFT,2026-04-14,392.2604064941406,0.022483811465560243,1.5311662311665868
NVDA,2026-04-14,196.28123474121094,0.03732744648887824,9.355939599972256
AAPL,2026-04-15,265.95538330078125,0.02894004962395038,1.9492151815988845
AMZN,2026-04-15,248.5,-0.0020903861446825195,2.450901296589541
GOOGL,2026-04-15,336.91876220703125,0.0125667731821318,3.292054418637424
MSFT,2026-04-15,410.3312683105469,0.04503888343389864,1.6001282485700206
NVDA,2026-04-15,198.63848876953125,0.011938031369764115,9.467631100410344
AAPL,2026-04-16,262.9307861328125,-0.011437735816536928,1.9269205733021735
AMZN,2026-04-16,249.6999969482422,0.0048173395273468644,2.462708120283227
GOOGL,2026-04-16,335.81939697265625,-0.003268333148616994,3.2812948880539405
MSFT,2026-04-16,419.35174560546875,0.021745251113201896,1.6349234391485037
NVDA,2026-04-16,198.1190948486328,-0.002618194278043067,9.442843002836627
AAPL,2026-04-17,269.7486267089844,0.02559968620376182,1.9762491353182816
AMZN,2026-04-17,250.55999755859375,0.0034382179946092772,2.4711754476578554
GOOGL,2026-04-17,341.4760437011719,0.016704019890516727,3.336105703130644
MSFT,2026-04-17,421.87628173828125,0.006002043749179862,1.6447363211568327
NVDA,2026-04-17,201.44520568847656,0.016649073332435406,9.600057588457528
AAPL,2026-04-20,272.5635681152344,0.01038135123703852,1.9967652717239144
AMZN,2026-04-20,248.27999877929688,-0.009141266429826336,2.4485857744959696
GOOGL,2026-04-20,337.2185974121094,-0.012546149259453765,3.294250423033852
MSFT,2026-04-20,417.1664733886719,-0.011226740924225573,1.626271292590541
NVDA,2026-04-20,201.82476806640625,0.0018824237593380586,9.618128964953053
AAPL,2026-04-21,265.69586181640625,-0.025519586387523795,1.9458086478765486
AMZN,2026-04-21,249.91000366210938,0.006543731071590066,2.4646086613099922
GOOGL,2026-04-21,332.0916442871094,-0.015320409239913332,3.2437811584142158
MSFT,2026-04-21,423.2433166503906,0.014461871447776973,1.6497902189631954
NVDA,2026-04-21,199.64732360839844,-0.01084740809684451,9.513797194942127
AAPL,2026-04-22,272.68341064453125,0.025959176283094874,1.9963202375799463
AMZN,2026-04-22,255.36000061035156,0.021573448951202067,2.517778770449454
GOOGL,2026-04-22,339.1174621582031,0.020935575571808553,3.3116915839946053
MSFT,2026-04-22,431.984375,0.020442188268340603,1.6835155412225078
NVDA,2026-04-22,202.26426696777344,0.013022666698602456,9.637692204849957
AAPL,2026-04-23,272.9429016113281,9.511674218491973e-4,1.9982190723535107
AMZN,2026-04-23,255.0800018310547,-0.001097088026179746,2.5150165455078244
GOOGL,2026-04-23,338.6877136230469,-0.001268059342409964,3.307492162542341
MSFT,2026-04-23,414.8514709472656,-0.04046886377167461,1.6153855801272772
NVDA,2026-04-23,199.4075927734375,-0.014224159796213538,9.50060413086145
AAPL,2026-04-24,270.5771179199219,-0.008705470074050698,1.9808236360177398
AMZN,2026-04-24,263.989990234375,0.034333958023186784,2.60136701800891
GOOGL,2026-04-24,344.19439697265625,0.016128121174901693,3.360835796924861
MSFT,2026-04-24,423.7023010253906,0.02111053357014146,1.6494872316452762
NVDA,2026-04-24,208.0275421142578,0.04231955004193406,9.902665422806045
AAPL,2026-04-27,267.1332702636719,-0.012809478192957056,1.9554503188480767
AMZN,2026-04-27,261.1199951171875,-0.01093113357236666,2.5729311276643054
GOOGL,2026-04-27,350.130859375,0.017100363295902886,3.4183073100301513
MSFT,2026-04-27,423.9018859863281,4.7093907199736843e-4,1.650264039631419
NVDA,2026-04-27,216.3578338623047,0.03926319027785601,10.291475659559625
AAPL,2026-04-28,270.2277526855469,0.011517458457321562,1.9779721366607659
AMZN,2026-04-28,259.70001220703125,-0.005452887403187945,2.558901223928995
GOOGL,2026-04-28,349.5711975097656,-0.0015997151332615383,3.4128389920961575
MSFT,2026-04-28,428.3222961425781,0.010373913089718178,1.6673837353536427
NVDA,2026-04-28,212.92184448242188,-0.01600850416151377,10.126724528635446
AAPL,2026-04-29,269.688720703125,-0.001996724264136533,1.9740226717017093
AMZN,2026-04-29,263.0400085449219,0.01277897868001351,2.5916013681138437
GOOGL,2026-04-29,349.7311096191406,4.5734758925342116e-4,3.414399845781703
MSFT,2026-04-29,423.5426330566406,-0.01122176316871562,1.6486727499641358
NVDA,2026-04-29,209.00640869140625,-0.018560255972615913,9.938769929219804
AAPL,2026-04-30,270.86663818359375,0.004358182101151443,1.9826258219767865
AMZN,2026-04-30,265.05999755859375,0.007650061888693173,2.6114272789707367
GOOGL,2026-04-30,384.5702819824219,0.09496195924186007,3.7386379447722384
MSFT,2026-04-30,406.8987121582031,-0.040089887405449304,1.5825776450496412
NVDA,2026-04-30,199.33767700195313,-0.04736465906513777,9.468023479995466
AAPL,2026-05-01,279.6409912109375,0.03188001650371888,2.045831965902106
AMZN,2026-05-01,268.260009765625,0.012000489635761667,2.6427656849665704
GOOGL,2026-05-01,385.45977783203125,0.0023102896670280067,3.747275281384804
MSFT,2026-05-01,413.5443115234375,0.016200380815886175,1.6082160055701535
NVDA,2026-05-01,198.21897888183594,-0.00562788249813037,9.414738556360511
AAPL,2026-05-04,276.3368225097656,-0.011886113152468937,2.0215149756644557
AMZN,2026-05-04,272.04998779296875,0.014029132183864345,2.679841394091947
GOOGL,2026-05-04,383.0212097167969,-0.006346484401737387,3.7234932572624797
MSFT,2026-05-04,412.72607421875,-0.0019805564528877612,1.6050308429826843
NVDA,2026-05-04,198.24893188476563,1.5109925506329687e-4,9.416161116342993
AAPL,2026-05-05,283.67376708984375,0.026204377379577717,2.074487516965235
AMZN,2026-05-05,273.54998779296875,0.0054985478239463976,2.694576630157953
GOOGL,2026-05-05,388.1981201171875,0.013425462662561916,3.7734828769621576
MSFT,2026-05-05,410.4909362792969,-0.005430265418195371,1.5963150995008986
NVDA,2026-05-05,196.271240234375,-0.010025891482081857,9.32175570681274
AAPL,2026-05-06,286.99786376953125,0.011649901959169793,2.0986550931534014
AMZN,2026-05-06,274.989990234375,0.005250321971042334,2.708724025041928
GOOGL,2026-05-06,397.8023986816406,0.024439568109513986,3.865705168743759
MSFT,2026-05-06,413.0653381347656,0.006251935224948011,1.6062951581015843
NVDA,2026-05-06,207.5880584716797,0.05605804652492139,9.8443151219192
AAPL,2026-05-07,286.927978515625,-2.4353409135020537e-4,2.098143999092233
AMZN,2026-05-07,271.1700134277344,-0.01398871786017844,2.67083244889453
GOOGL,2026-05-07,397.7524108886719,-1.2566775395786466e-4,3.86521937425774
MSFT,2026-05-07,419.8606262207031,0.016317029709620266,1.6325051239187471
NVDA,2026-05-07,211.2537841796875,0.017504551528897266,10.016635443237536
AAPL,2026-05-08,292.7974853515625,0.020249955441262655,2.140631321583203
AMZN,2026-05-08,272.67999267578125,0.005552939638259035,2.6856634202671446
GOOGL,2026-05-08,400.56072998046875,0.007035661903728889,3.89241375095876
MSFT,2026-05-08,414.22283935546875,-0.013518725545446366,1.6104357351969545
NVDA,2026-05-08,214.94947814941406,0.017342835809247024,10.19035230709069
AAPL,2026-05-11,292.42779541015625,-0.001263410870084823,2.137926824702671
AMZN,2026-05-11,268.989990234375,-0.013624751749596186,2.6490719228830333
GOOGL,2026-05-11,388.40802001953125,-0.030809005349915507,3.7724923548813867
MSFT,2026-05-11,411.7681579589844,-0.005943620767689755,1.6008639159162084
NVDA,2026-05-11,219.18453979492188,0.019511007291121277,10.38917634525343
AAPL,2026-05-12,294.54595947265625,0.007217267345543894,2.15335681416176
AMZN,2026-05-12,265.82000732421875,-0.011854752338375166,2.617667831310712
GOOGL,2026-05-12,387.1187744140625,-0.0033248284969245433,3.7599494647954472
MSFT,2026-05-12,406.8887023925781,-0.011920778009659372,1.581780372550897
NVDA,2026-05-12,220.52297973632813,0.006087883494185524,10.452424440443883
AAPL,2026-05-13,298.6124572753906,0.013711552929013165,2.1828826800941905
AMZN,2026-05-13,270.1300048828125,0.01608392713413966,2.659770209970895
GOOGL,2026-05-13,402.3796691894531,0.038664537053085424,3.9053261701947592
MSFT,2026-05-13,404.3342590332031,-0.006297779830460884,1.5718186680244273
NVDA,2026-05-13,225.56710815429688,0.02261580585803677,10.68881444233476
AAPL,2026-05-14,297.9530334472656,-0.002210734971933149,2.178056905013679
AMZN,2026-05-14,267.2200012207031,-0.010831048951722346,2.6309621086263673
GOOGL,2026-05-14,400.8305969238281,-0.00385720713884289,3.8902625182115744
MSFT,2026-05-14,408.5451354980469,0.010360489291041258,1.5881034785019528
NVDA,2026-05-14,235.465576171875,0.04294701759820982,11.147867144293711
AAPL,2026-05-15,299.9713134765625,0.006750980136725528,2.1927609239160843
AMZN,2026-05-15,264.1400146484375,-0.011592972656152402,2.6004614368416887
GOOGL,2026-05-15,396.54315185546875,-0.010754019416150288,3.8484265595568052
MSFT,2026-05-15,421.0081481933594,0.030049788861924314,1.635825652721824
NVDA,2026-05-15,225.05770874023438,-0.04520787679613538,10.643895739894795
AAPL,2026-05-18,297.5833435058594,-0.007992516349121775,2.1752352463819697
AMZN,2026-05-18,264.8599853515625,0.0027220081197222258,2.6075399139877957
GOOGL,2026-05-18,396.70306396484375,4.0318405143820255e-4,3.84997818376875
MSFT,2026-05-18,422.6246643066406,0.003832278848626929,1.642094592770791
NVDA,2026-05-18,222.0612030029297,-0.013403819528754392,10.501226882314368
AAPL,2026-05-19,298.7123718261719,0.003786811276571553,2.1834724517421646
AMZN,2026-05-19,259.3399963378906,-0.021061401192618883,2.552621469733532
GOOGL,2026-05-19,387.4285888671875,-0.02365650610638229,3.758901151354986
MSFT,2026-05-19,416.51788330078125,-0.014555068940400357,1.6181937927663534
NVDA,2026-05-19,220.35317993164063,-0.00772141061963216,10.420142597546098
AAPL,2026-05-20,301.98956298828125,0.010911313869409937,2.2072970049883334
AMZN,2026-05-20,265.010009765625,0.021627669973466716,2.6078287244481144
GOOGL,2026-05-20,388.6778564453125,0.003219322979792405,3.771002268210311
MSFT,2026-05-20,420.1499938964844,0.008682378065394921,1.6322435630582262
NVDA,2026-05-20,223.20985412597656,0.012880756382786308,10.554361915818985
AAPL,2026-05-21,304.7271728515625,0.009024403912911677,2.2272165447171086
AMZN,2026-05-21,268.4599914550781,0.012934297256761875,2.6415591563648486
GOOGL,2026-05-21,387.4285888671875,-0.0032193229797924917,3.758862193951412
MSFT,2026-05-21,419.0899963378906,-0.002526090592902171,1.6281203679482597
NVDA,2026-05-21,219.25445556640625,-0.017879425943107992,10.36565598356834
AAPL,2026-05-22,308.55389404296875,0.012479664098423927,2.2550114590696304
AMZN,2026-05-22,266.32000732421875,-0.0080032744617438,2.6204180334295284
GOOGL,2026-05-22,382.74139404296875,-0.012171995269428916,3.7131093411082006
MSFT,2026-05-22,418.57000732421875,-0.0012415277754476936,1.6260990112896798
NVDA,2026-05-22,215.07933044433594,-0.01922601401684015,10.166365736334512
AAPL,2026-05-26,308.0643005371094,-0.0015879959853538459,2.251430509925701
AMZN,2026-05-26,265.2900085449219,-0.0038750213028487137,2.6102638577276203
GOOGL,2026-05-26,388.6478576660156,0.0153141336694057,3.7699723938870497
MSFT,2026-05-26,416.0299987792969,-0.006086787367366893,1.6162012923696738
NVDA,2026-05-26,214.60987854003906,-0.0021850774060261733,10.14415144026265
AAPL,2026-05-27,310.5821533203125,0.008139921177528297,2.2697569768131785
AMZN,2026-05-27,271.8500061035156,0.024426866578213892,2.6740244247142666
GOOGL,2026-05-27,388.5978698730469,-1.286280291200787e-4,3.7694874697681873
MSFT,2026-05-27,412.6700134277344,-0.008109095484610435,1.6030953617674975
NVDA,2026-05-27,212.35250854492188,-0.010574191531007708,10.036885240013765
AAPL,2026-05-28,312.24072265625,0.0053259869555545925,2.2818456728639647
AMZN,2026-05-28,274,0.007877640344363742,2.6950894274042096
GOOGL,2026-05-28,389.8971252441406,0.0033378675149664484,3.7820695195415994
MSFT,2026-05-28,426.989990234375,0.03411229625288361,1.657780625669734
NVDA,2026-05-28,214.00057983398438,0.007731054577228179,10.114480947589689
AAPL,2026-05-29,311.7911071777344,-0.0014410019964428765,2.2785575286937934
AMZN,2026-05-29,270.6400146484375,-0.012338527790443166,2.661835991606453
GOOGL,2026-05-29,380.1129455566406,-0.025414489195130573,3.685950154601977
MSFT,2026-05-29,450.239990234375,0.0530201813564115,1.7456764550918886
NVDA,2026-05-29,210.8942108154297,-0.014622087317938178,9.966586123998411
AAPL,2026-06-01,306.0460510253906,-0.018597851122449393,2.2361812550012097
AMZN,2026-06-01,261.260009765625,-0.035273461160258576,2.5679438231415443
GOOGL,2026-06-01,376.14532470703125,-0.0104928631091566,3.6472739842025637
MSFT,2026-06-01,460.5199890136719,0.02257550971290651,1.785085990859408
NVDA,2026-06-01,224.09881591796875,0.06073045986638763,10.57186148260679
AAPL,2026-06-02,314.92840576171875,0.028609745520348374,2.3001578316441678
AMZN,2026-06-02,256.5199890136719,-0.018309525985056377,2.5209259889835693
GOOGL,2026-06-02,361.6340026855469,-0.03934291252506397,3.5037796028871404
MSFT,2026-06-02,441.30999755859375,-0.042608691140752344,1.7090258132151954
NVDA,2026-06-02,222.56060791015625,-0.0068876374559193035,10.499046333480399
AAPL,2026-06-03,309.9926452636719,-0.015796757454885936,2.2638227962697286
AMZN,2026-06-03,250.02000427246094,-0.025665659701418486,2.4562247604178555
GOOGL,2026-06-03,358.77569580078125,-0.007935267638281661,3.4759761739926787
MSFT,2026-06-03,427.3399963378906,-0.032167630063060046,1.6540505030874688
NVDA,2026-06-03,214.5,-0.03688972124723909,10.111739440876459
AAPL,2026-06-04,310.9618225097656,0.003121575198772482,2.27088948936498
AMZN,2026-06-04,253.7899932861328,0.01496619519549892,2.4929850996262863
GOOGL,2026-06-04,371.96783447265625,0.03610999362901216,3.6014936514901525
MSFT,2026-06-04,428.04998779296875,0.0016600419254275758,1.6567962962693685
NVDA,2026-06-04,218.66000366210938,0.019208290386228847,10.305968668366699
AAPL,2026-06-05,307.0751647949219,-0.012577593355441377,2.2423271648126013
AMZN,2026-06-05,246.02999877929688,-0.03105365219156565,2.4155688074237363
GOOGL,2026-06-05,368.30999755859375,-0.009882415831165496,3.5659021936128243
MSFT,2026-06-05,416.6700134277344,-0.02694540884818325,1.6121532426882346
NVDA,2026-06-05,205.10000610351563,-0.06402033391723558,9.646177112877295
AAPL,2026-06-08,301.2801818847656,-0.019051885469787897,2.1996066044827973
AMZN,2026-06-08,245.22000122070313,-0.0032977029725941285,2.407602978986989
GOOGL,2026-06-08,363.30999755859375,-0.01366851064269517,3.5171616215286177
MSFT,2026-06-08,411.739990234375,-0.011902515359320368,1.5929645639555596
NVDA,2026-06-08,208.63999938964844,0.017112580975841913,9.81124809982872
AAPL,2026-06-09,290.29962158203125,-0.03712710112671881,2.1179415876391663
AMZN,2026-06-09,244.19000244140625,-0.004209150987076249,2.3974690145314983
GOOGL,2026-06-09,364.260009765625,0.0026114675903969463,3.5263465751134278
MSFT,2026-06-09,403.4100036621094,-0.02043863488144832,1.5604065428537863
NVDA,2026-06-09,208.19000244140625,-0.0021591397984066225,9.790064243584338
AAPL,2026-06-10,291.3287353515625,0.003538736828077959,2.125436425535063
AMZN,2026-06-10,238,-0.025675947123681687,2.3359117268837224
GOOGL,2026-06-10,356.3800048828125,-0.02187033417947859,3.449224197083037
MSFT,2026-06-10,397.3599853515625,-0.015110789647077107,1.5368275678207999
NVDA,2026-06-10,200.4199981689453,-0.03803598052040507,9.41768955072185
AAPL,2026-06-11,295.375244140625,0.013794257734621061,2.154755243387445
AMZN,2026-06-11,241.50999450683594,0.014640183686286065,2.37010990364025
GOOGL,2026-06-11,357.7699890136719,0.0038927001272959978,3.4626509925540945
MSFT,2026-06-11,390.3399963378906,-0.0178244891134849,1.5094344015688745
NVDA,2026-06-11,204.8699951171875,0.02196045231330065,9.624506273001947
AAPL,2026-06-12,290.879150390625,-0.01533867189083751,2.1217041597040636
AMZN,2026-06-12,238.5500030517578,-0.012331912602696485,2.340881915449773
GOOGL,2026-06-12,359.67999267578125,0.005324435774413595,3.481087655373158
MSFT,2026-06-12,390.739990234375,0.0010242073496361669,1.5109803753767552
NVDA,2026-06-12,205.19000244140625,0.0015607832565316107,9.639528041245232
AAPL,2026-06-15,296.1645812988281,0.01800742754428881,2.15991059363035
AMZN,2026-06-15,246.02000427246094,0.03083390605189011,2.4130604485093197
GOOGL,2026-06-15,369.3500061035156,0.026529993597646646,3.5734408885830544
MSFT,2026-06-15,399.760009765625,0.022822039293822094,1.5454640288757977
NVDA,2026-06-15,212.4499969482422,0.034770261132300154,9.97469694843146
AAPL,2026-06-16,298.9821472167969,0.009468545598219242,2.180361805574216
AMZN,2026-06-16,246,-8.131487459148037e-5,2.4128642308015675
GOOGL,2026-06-16,373.25,0.010503715919534504,3.6109752965319797
MSFT,2026-06-16,393.8299865722656,-0.014945081454071895,1.5223669430799107
NVDA,2026-06-16,207.41000366210938,-0.02400912389906229,9.73521321354097
AAPL,2026-06-17,295.6949768066406,-0.011055424053765445,2.1562569812229597
AMZN,2026-06-17,237.5,-0.035163912457666896,2.3280184842174254
GOOGL,2026-06-17,363.7900085449219,-0.025671634855025008,3.5182756572488953
MSFT,2026-06-17,378.9100036621094,-0.03862059048154452,1.4635722328085805
NVDA,2026-06-17,204.64999389648438,-0.013396355182919827,9.60479683955092
AAPL,2026-06-18,297.7532043457031,0.0069365307945603305,2.1712139241741983
AMZN,2026-06-18,244.38999938964844,0.028597683957913095,2.3945944210772554
GOOGL,2026-06-18,368.0299987792969,0.01158765170421262,3.559044210164505
MSFT,2026-06-18,379.3999938964844,0.0012923218845768704,1.4654636392346982
NVDA,2026-06-18,210.69000244140625,0.02908669731246372,9.884168657970646
AAPL,2026-06-22,296.75408935546875,-0.0033611561756575186,2.163916135084287
AMZN,2026-06-22,232.7899932861328,-0.04862857666526806,2.2781487026896765
GOOGL,2026-06-22,349.67999267578125,-0.05114602365891787,3.3770132507882966
MSFT,2026-06-22,367.3399963378906,-0.03230320168250443,1.4181244717381227
NVDA,2026-06-22,208.64999389648438,-0.009729692641559137,9.78799873491126
AAPL,2026-06-23,294.04638671875,-0.009166281020203648,2.1440810716859513
AMZN,2026-06-23,234.11000061035156,0.005654362212000333,2.291030180627483
GOOGL,2026-06-23,346.1300048828125,-0.010203988467657892,3.342554246522125
MSFT,2026-06-23,373.94000244140625,0.017807523534874563,1.4433777566439807
NVDA,2026-06-23,200.0399932861328,-0.04214086479707091,9.375524003589463
AAPL,2026-06-24,292.8274230957031,-0.004154097032731816,2.135174350868124
AMZN,2026-06-24,234.27000427246094,6.832216006890583e-4,2.2925954619347184
GOOGL,2026-06-24,345.2900085449219,-0.0024297727425915128,3.3344325993232924
MSFT,2026-06-24,365.4599914550781,-0.02293855257082976,1.4102687600936366
NVDA,2026-06-24,199,-0.005212488263586544,9.326654194755779
AAPL,2026-06-25,274.91290283203125,-0.06312910528852322,2.000382704462816
AMZN,2026-06-25,227.00999450683594,-0.03148026940338524,2.220423939160035
GOOGL,2026-06-25,343.7099914550781,-0.004586414686523522,3.319139508678533
MSFT,2026-06-25,352.8299865722656,-0.03517049422135125,1.360668910816211
NVDA,2026-06-25,195.74000549316406,-0.016517548663244935,9.172600730228643
AAPL,2026-06-26,283.53546142578125,0.0308828692129702,2.0621602619006287
AMZN,2026-06-26,232.69000244140625,0.024713060914308634,2.2752974112240865
GOOGL,2026-06-26,337.3900146484375,-0.018558679034608522,3.2575406638658797
MSFT,2026-06-26,372.9700012207031,0.05551167425391712,1.436201920160873
NVDA,2026-06-26,192.52999877929688,-0.016535296660330157,9.020929056007551
AAPL,2026-06-29,281.4972229003906,-0.007214617571347412,2.0472825642401857
AMZN,2026-06-29,240.13999938964844,0.03151497796996931,2.3470033590139416
GOOGL,2026-06-29,353.6499938964844,0.047068131545177694,3.4108670163464847
MSFT,2026-06-29,368.57000732421875,-0.011867317971901738,1.419158055302468
NVDA,2026-06-29,194.97000122070313,0.012593727434429082,9.13453617774423
AAPL,2026-06-30,289.11065673828125,0.026686927946559438,2.101918246518311
AMZN,2026-06-30,238.33999633789063,-0.007523873763327147,2.329344802018616
GOOGL,2026-06-30,357.3699951171875,0.010463939752140269,3.4465581233080966
MSFT,2026-06-30,373.0199890136719,0.01200133530108292,1.4361898469693857
NVDA,2026-06-30,200.08999633789063,0.025921540190744,9.371317424399434
AAPL,2026-07-01,294.1263427734375,0.017199902237751946,2.138071034870173
AMZN,2026-07-01,241.6999969482422,0.013999064785619552,2.3619534508101205
GOOGL,2026-07-01,361.2099914550781,0.01068783702050745,3.4833943748117195
MSFT,2026-07-01,384.2799987792969,0.029739442308022564,1.4789013320666995
NVDA,2026-07-01,197.5800018310547,-0.012623672142353475,9.253016985691891
AAPL,2026-07-02,308.3640441894531,0.04727163430823289,2.239141146955581
AMZN,2026-07-02,242.6699981689453,0.0040052130693041185,2.371413577640393
GOOGL,2026-07-02,359.9100036621094,-0.003605472625997126,3.4708350917477837
MSFT,2026-07-02,390.489990234375,0.016030885383640066,1.5026094298147734
NVDA,2026-07-02,194.8300018310547,-0.014016182027723867,9.123325015314812
AAPL,2026-07-06,312.3905944824219,0.01297326356082142,2.268190115204916
AMZN,2026-07-06,244.16000366210938,0.006121274942382323,2.385929652151228
GOOGL,2026-07-06,366.4599914550781,0.018035341164537543,3.533432786753304
MSFT,2026-07-06,386.739990234375,-0.009649728377271917,1.4881096569599335
NVDA,2026-07-06,195.5500030517578,0.0036887239515329033,9.156978442816424
AAPL,2026-07-07,310.3923034667969,-0.006417317752291537,2.2536344185130393
AMZN,2026-07-07,245.97999572753906,0.00742645135022292,2.4036486426379837
GOOGL,2026-07-07,367.0299987792969,0.0015542337224836163,3.5389245671466054
MSFT,2026-07-07,388.8399963378906,0.0054153311635238436,1.4961682635600093
NVDA,2026-07-07,196.92999267578125,0.00703218164456726,9.221371978541695
AAPL,2026-07-08,313.1199645996094,0.008749398121391793,2.273352363260681
AMZN,2026-07-08,243.6199951171875,-0.009640600216052831,2.3804760270144527
GOOGL,2026-07-08,361.9200134277344,-0.014020355227894405,3.4893075875904875
MSFT,2026-07-08,383.3399963378906,-0.014245624245687366,1.474854412669011
NVDA,2026-07-08,204.1199951171875,0.03585973382237286,9.552047923169289
AAPL,2026-07-09,315.947509765625,0.008989700861949937,2.2937891209602017
AMZN,2026-07-09,247.0399932861328,0.013940625430091662,2.4136613516523737
GOOGL,2026-07-09,358.8900146484375,-0.008407254362267986,3.4599720911534226
MSFT,2026-07-09,384.3599853515625,0.0026572610086787393,1.4787734857932742
NVDA,2026-07-09,202.77999877929688,-0.006586390769892467,9.489134402894557
AAPL,2026-07-10,315.0483093261719,-0.0028501014457968927,2.2872515892701997
AMZN,2026-07-10,245.33999633789063,-0.0069052509812284075,2.396994414235523
GOOGL,2026-07-10,357.17999267578125,-0.004776139779201448,3.443446780813938
MSFT,2026-07-10,385.1000061035156,0.001923481372210687,1.4816178790469166
NVDA,2026-07-10,210.9600067138672,0.03954693236574592,9.864400559335301
AAPL,2026-07-13,317.03656005859375,0.006291108635278855,2.3016409374945126
AMZN,2026-07-13,247.30999755859375,0.007997611876585861,2.416164645230923
GOOGL,2026-07-13,352.510009765625,-0.013160817540296276,3.398128206021925
MSFT,2026-07-13,390.989990234375,0.015178902564042165,1.5041072124701125
NVDA,2026-07-13,203.52999877929688,-0.03585516570320906,9.510710842717508
AAPL,2026-07-14,314.58868408203125,-0.007751077889289723,2.283800739314815
AMZN,2026-07-14,247.49000549316406,7.275987930534227e-4,2.417922643710612
GOOGL,2026-07-14,359.510009765625,0.0196630020022463,3.464945607740824
MSFT,2026-07-14,384.92999267578125,-0.015620478686443902,1.4806123378155966
NVDA,2026-07-14,211.8000030517578,0.039829039408852435,9.889513319678304
AAPL,2026-07-15,327.2178039550781,0.039359995560940185,2.3736911262763183
AMZN,2026-07-15,254.9600067138672,0.029736497094527754,2.489823193380105
GOOGL,2026-07-15,370.9200134277344,0.031244421783561214,3.5732058297661764
MSFT,2026-07-15,395.6300048828125,0.027417962843460583,1.5212077118793939
NVDA,2026-07-15,212.5,0.0032995407884884027,9.922144172254882
AAPL,2026-07-16,332.97283935546875,0.017434906842973087,2.4150762099369376
AMZN,2026-07-16,249.88999938964844,-0.020085877850740792,2.439812908847931
GOOGL,2026-07-16,354.4599914550781,-0.04539096161306361,3.4110145811116848
MSFT,2026-07-16,401.1000061035156,0.01373134460185696,1.5420959391822122
NVDA,2026-07-16,207.39999389648438,-0.02429272199776063,9.681108282256591
AAPL,2026-07-17,333.452392578125,0.0014391811187502526,2.4185519420186217
AMZN,2026-07-17,247.22999572753906,-0.010701758429280527,2.4137026204848
GOOGL,2026-07-17,346.7699890136719,-0.021933776227723696,3.336198150580078
MSFT,2026-07-17,393.82000732421875,-0.018316817278041388,1.513849649639002
NVDA,2026-07-17,202.80999755859375,-0.022379698238568935,9.46444800028478
AAPL,2026-07-20,326.3085632324219,-0.021656657586981348,2.3661741907539957
AMZN,2026-07-20,249.99000549316406,0.011101878873679078,2.4404992546145037
GOOGL,2026-07-20,351.989990234375,0.014941034067203166,3.3860444008028354
MSFT,2026-07-20,402.2900085449219,0.021279272100756832,1.5460632682533058
NVDA,2026-07-20,203.27999877929688,0.0023147648787335633,9.48635597211244
AAPL,2026-07-21,327.45758056640625,0.0035150750095092813,2.3744914705200606
AMZN,2026-07-21,247.5500030517578,-0.009808344900483996,2.416561996195871
GOOGL,2026-07-21,347.1499938964844,-0.013845792742100516,3.339161931813769
MSFT,2026-07-21,397.75,-0.01134957559776861,1.5285161063113317
NVDA,2026-07-21,207.2899932861328,0.01953441361577837,9.671666373378194
AAPL,2026-07-22,325.60919189453125,-0.005660657333930309,2.3610502879631063
AMZN,2026-07-22,244.85000610351563,-0.010966791059379552,2.390060065701553
GOOGL,2026-07-22,342.0899963378906,-0.014683095985228533,3.2901326966587265
MSFT,2026-07-22,390.3399963378906,-0.018805522396685516,1.4997715624403993
NVDA,2026-07-22,212.05999755859375,0.02275049536218918,9.891701574350375
AAPL,2026-07-23,321.3828430175781,-0.01306479450939142,2.330203651124529
AMZN,2026-07-23,233.66000366210938,-0.04677872011408177,2.2782561148322564
GOOGL,2026-07-23,317.69000244140625,-0.07399777740276084,3.046670189745829
MSFT,2026-07-23,381.5799865722656,-0.022697652711874124,1.4657302683689823
NVDA,2026-07-23,208.75999450683594,-0.015684001522928887,9.736560111793905
AAPL,2026-07-24,332.7330322265625,0.03470739356294198,2.4110789463259126
AMZN,2026-07-24,232.11000061035156,-0.006655683102763052,2.2630927641050005
GOOGL,2026-07-24,319.739990234375,0.006432062764840743,3.0662665636300432
MSFT,2026-07-24,381.70001220703125,3.1449962254198236e-4,1.4661912399851327
NVDA,2026-07-24,206.83999633789063,-0.009239710638928346,9.646597113742397
AAPL,2026-07-27,336.61968994140625,0.01161331318603087,2.4390795612458405
AMZN,2026-07-27,231.38999938964844,-0.0031068038827953906,2.2560617787183532
GOOGL,2026-07-27,326.55999755859375,0.021105556591049283,3.1309818261119786
MSFT,2026-07-27,389.1000061035156,0.01920140394486841,1.4943441702445148
NVDA,2026-07-27,196.50999450683594,-0.0512322371769213,9.152380362460942
AAPL,2026-07-28,339.78692626953125,0.00936495711319729,2.4619214367325837
AMZN,2026-07-28,230.86000061035156,-0.002293127145673238,2.250888342211258
GOOGL,2026-07-28,333.7099914550781,0.021658635153353648,3.198794619155519
MSFT,2026-07-28,393.3500061035156,0.01086342061525974,1.5105778595098425
NVDA,2026-07-28,197.00999450683594,0.0025411683422597504,9.175638101694348
AAPL,2026-07-29,337.8985900878906,-0.0055729125775482845,2.448201363792881
AMZN,2026-07-29,226.64999389648438,-0.01840451837298003,2.2094618263615047
GOOGL,2026-07-29,336.7099914550781,0.008949673639247408,3.2274227870359415
MSFT,2026-07-29,390.5400085449219,-0.007169397599894727,1.4997479262294184
NVDA,2026-07-29,190.00999450683594,-0.03617778754375249,8.843683815872891
AAPL,2026-07-30,333.1426696777344,-0.01417498544145801,2.4134981451033592
AMZN,2026-07-30,235.5,0.03830396299886934,2.29409297040587
GOOGL,2026-07-30,333.6600036621094,-0.009099478974902122,3.198054921242188
MSFT,2026-07-30,451.1000061035156,0.14415863925253233,1.7159495464964585
NVDA,2026-07-30,195.0399932861328,0.026127957865361876,9.0747512139886
AAPL,2026-07-31,308.6438293457031,-0.07638287945805575,2.229148207213688
AMZN,2026-07-31,271.5799865722656,0.1425457923711586,2.6211062706454795
GOOGL,2026-07-31,356.1300048828125,0.0651733250412112,3.40648279412395
MSFT,2026-07-31,464.7200012207031,0.029746018366382666,1.7669922132223281
NVDA,2026-07-31,200.75,0.028855721516937157,9.336609707854944
AAPL,2026-08-03,303.1585693359375,-0.017931956478842527,2.1891752185770423
AMZN,2026-08-03,284.0199890136719,0.044787913707705275,2.738500152113874
GOOGL,2026-08-03,373.510009765625,0.04764895767741519,3.5687981486100058
MSFT,2026-08-03,487.6499938964844,0.04816284659081634,1.8520955881149221
NVDA,2026-08-03,206.63999938964844,0.02891779300701876,9.606603854774015
AAPL,2026-08-04,309.1134033203125,0.01945221084485533,2.2317595165051354
AMZN,2026-08-04,277.4200134277344,-0.023511967798007637,2.6741126247225337
GOOGL,2026-08-04,377.6499938964844,0.011023020475899278,3.608137083676485
MSFT,2026-08-04,492.80999755859375,0.010525776365323286,1.8715903320826217
NVDA,2026-08-04,211.94000244140625,0.025325081432127396,9.849891879682355
AAPL,2026-08-05,310.7320251464844,0.005222674657279986,2.24341527037313
AMZN,2026-08-05,272.6499938964844,-0.017343752751158313,2.627733476530595
GOOGL,2026-08-05,362.42999267578125,-0.04113649260668716,3.4597109792099134
MSFT,2026-08-05,487.4599914550781,-0.010915481007189708,1.851161023359534
NVDA,2026-08-05,219.22000122070313,0.03377257008995301,10.182548043567385
AAPL,2026-08-06,312.14080810546875,0.004523508767764461,2.2535633790183995
AMZN,2026-08-06,272.260009765625,-0.0014313710330971462,2.6239722149495894
GOOGL,2026-08-06,357.75,-0.012996913554377999,3.4147454146899894
MSFT,2026-08-06,499.8599853515625,0.025119811649815322,1.8976618395998046
NVDA,2026-08-06,218.99000549316406,-0.0010497055983856014,10.171859365880222
AAPL,2026-08-07,313.05999755859375,0.002940463630559811,2.2601899001735646
AMZN,2026-08-07,274.4800109863281,0.008120910623089925,2.6452812587846664
GOOGL,2026-08-07,354.29998779296875,-0.009690441019075425,3.3816550256537776
MSFT,2026-08-07,499.989990234375,2.600487807563097e-4,1.8981553242474802
NVDA,2026-08-07,223.9600067138672,0.022441402701081938,10.400130158128713
AAPL,2026-08-10,308.260009765625,-0.015451243263146633,2.2252671562050756
AMZN,2026-08-10,278.0899963378906,0.013066350560063843,2.679845431041914
GOOGL,2026-08-10,357.5199890136719,0.009047296478442152,3.412249861258681
MSFT,2026-08-10,506.05999755859375,0.012067155817968927,1.921060660311882
NVDA,2026-08-10,217.5500030517578,-0.02903877126413205,10.098123157349612
AAPL,2026-08-11,304.9100036621094,-0.010926951292996926,2.200951770375317
AMZN,2026-08-11,272.2699890136719,-0.021150608480564718,2.6231650695415163
GOOGL,2026-08-11,343.79998779296875,-0.03913121645337777,3.278724373344759
MSFT,2026-08-11,503.80999755859375,-0.004456026486399258,1.9125003631275526
NVDA,2026-08-11,217.5,-2.298726657958751e-4,10.095801874859896
AAPL,2026-08-12,302.25,-0.00876217361050629,2.1816666488549377
AMZN,2026-08-12,267.2799987792969,-0.01849738717429334,2.5746433696281246
GOOGL,2026-08-12,343.5400085449219,-7.564793605203053e-4,3.2762440860274893
MSFT,2026-08-12,492.42999267578125,-0.022846904365001114,1.8688056502331476
NVDA,2026-08-12,224.08999633789063,0.029848890004183812,10.397150354526623
AAPL,2026-08-13,305.260009765625,0.009909414983244762,2.2032856890335464
AMZN,2026-08-13,265.1300048828125,-0.008076503328918698,2.553849253882545
GOOGL,2026-08-13,346.3599853515625,0.008175076205049878,3.303027631097108
MSFT,2026-08-13,496.8800048828125,0.008996254420875845,1.8856179013258154
NVDA,2026-08-13,225.3000030517578,0.0053851204505836634,10.453140261528578
AAPL,2026-08-14,305.92999267578125,0.0021923891943256765,2.2081161487701957
AMZN,2026-08-14,262.6499938964844,-0.009397965990688942,2.52984826544921
GOOGL,2026-08-14,345.8999938964844,-0.001328955989274321,3.298638052744023
MSFT,2026-08-14,495.3999938964844,-0.002983053343112236,1.879993002541433
NVDA,2026-08-14,225.16000366210938,-6.215841232048116e-4,10.446642755504378
